project,bug,class,developerDeletedLines,developerAddedLines
Chart,1,source/org/jfree/chart/renderer/category/AbstractCategoryItemRenderer.java,1797;1798
Chart,2,source/org/jfree/data/general/DatasetUtilities.java,754;756;758;760;1239;1241;1243;1245;1247
Chart,3,source/org/jfree/data/time/TimeSeries.java,1056;1057
Chart,4,source/org/jfree/chart/plot/XYPlot.java,4493
Chart,5,source/org/jfree/data/xy/XYSeries.java,543;548
Chart,6,source/org/jfree/chart/util/ShapeList.java,111
Chart,7,source/org/jfree/data/time/TimePeriodValues.java,300;301;302;303
Chart,8,source/org/jfree/data/time/Week.java,175
Chart,9,source/org/jfree/data/time/TimeSeries.java,942;944
Chart,10,source/org/jfree/chart/imagemap/StandardToolTipTagFragmentGenerator.java,65;66
Chart,11,source/org/jfree/chart/util/ShapeUtilities.java,274;275
Chart,12,source/org/jfree/chart/plot/MultiplePiePlot.java,145
Chart,13,source/org/jfree/chart/block/BorderArrangement.java,454;455;456;457
Chart,14,source/org/jfree/chart/plot/CategoryPlot.java,2166;2448
Chart,14,source/org/jfree/chart/plot/XYPlot.java,2293;2529
Chart,15,source/org/jfree/chart/plot/PiePlot.java,1379;2051;2052
Chart,16,source/org/jfree/data/category/DefaultIntervalCategoryDataset.java,207;208;338
Chart,17,source/org/jfree/data/time/TimeSeries.java,856;857
Chart,18,source/org/jfree/data/DefaultKeyedValues.java,318;335
Chart,18,source/org/jfree/data/DefaultKeyedValues2D.java,458;460
Chart,19,source/org/jfree/chart/plot/CategoryPlot.java,698;973
Chart,20,source/org/jfree/chart/plot/ValueMarker.java,95
Chart,21,source/org/jfree/data/statistics/DefaultBoxAndWhiskerCategoryDataset.java,155;158;159;160;161;162;163;164;165;166;167;168;169;170;171;172;173;174;175;176;177;178;179;180;181;182;183;184;185;186;187;740;741
Chart,22,source/org/jfree/data/KeyedObjects2D.java,231;233;345;378
Chart,23,source/org/jfree/chart/renderer/category/MinMaxCategoryRenderer.java,101
Chart,24,source/org/jfree/chart/renderer/GrayPaintScale.java,126;127
Chart,25,source/org/jfree/chart/renderer/category/StatisticalBarRenderer.java,260;315;404;459
Chart,26,source/org/jfree/chart/axis/Axis.java,1192
Cli,1,src/java/org/apache/commons/cli/CommandLine.java,19;23;46;47;51;69;93;98;149;150;151;152;153;155;158;159;160;161;169;170;278;279;280;281;282;283;284;285;286;287;288;299;309;317
Cli,10,src/java/org/apache/commons/cli/Parser.java,18;46
Cli,11,src/java/org/apache/commons/cli/HelpFormatter.java,632
Cli,12,src/java/org/apache/commons/cli/GnuParser.java,81;83;84;85;86
Cli,13,src/java/org/apache/commons/cli2/WriteableCommandLine.java,46
Cli,13,src/java/org/apache/commons/cli2/commandline/WriteableCommandLineImpl.java,131;132;134
Cli,13,src/java/org/apache/commons/cli2/option/ArgumentImpl.java,144
Cli,14,src/java/org/apache/commons/cli2/option/GroupImpl.java,250;251;252;260;261;262
Cli,15,src/java/org/apache/commons/cli2/commandline/WriteableCommandLineImpl.java,117;118;122;123;124;126;127
Cli,16,src/java/org/apache/commons/cli2/Option.java,205;215
Cli,16,src/java/org/apache/commons/cli2/commandline/WriteableCommandLineImpl.java,73
Cli,16,src/java/org/apache/commons/cli2/option/GroupImpl.java,91
Cli,16,src/java/org/apache/commons/cli2/option/OptionImpl.java,35;127;128
Cli,17,src/java/org/apache/commons/cli/PosixParser.java,302
Cli,18,src/java/org/apache/commons/cli/PosixParser.java,128;213;214;215;216;240
Cli,19,src/java/org/apache/commons/cli/PosixParser.java,231;232;237;238
Cli,2,src/java/org/apache/commons/cli/PosixParser.java,294;299;303;305;309
Cli,20,src/java/org/apache/commons/cli/PosixParser.java,114;116;117;121
Cli,21,src/java/org/apache/commons/cli2/WriteableCommandLine.java,101;109
Cli,21,src/java/org/apache/commons/cli2/commandline/WriteableCommandLineImpl.java,50;62;64;65;233;234;235;241;242;244;245
Cli,21,src/java/org/apache/commons/cli2/option/GroupImpl.java,512;513
Cli,22,src/java/org/apache/commons/cli/PosixParser.java,40;116;119;146;147;148;149;152;184;185;186;187;210;243;262
Cli,23,src/java/org/apache/commons/cli/HelpFormatter.java,824;833;834;835;836
Cli,24,src/java/org/apache/commons/cli/HelpFormatter.java,825;826
Cli,25,src/java/org/apache/commons/cli/HelpFormatter.java,825
Cli,26,src/java/org/apache/commons/cli/OptionBuilder.java,347;349;356;358;360
Cli,27,src/java/org/apache/commons/cli/OptionGroup.java,98;100
Cli,28,src/java/org/apache/commons/cli/Parser.java,290;293;296
Cli,29,src/java/org/apache/commons/cli/Util.java,65;66;67;68;70;72
Cli,3,src/java/org/apache/commons/cli/TypeHandler.java,25;162
Cli,30,src/main/java/org/apache/commons/cli/DefaultParser.java,150;152;154;155
Cli,30,src/main/java/org/apache/commons/cli/Parser.java,263;265;267;268
Cli,31,src/main/java/org/apache/commons/cli/HelpFormatter.java,653;656
Cli,31,src/main/java/org/apache/commons/cli/Option.java,57
Cli,31,src/main/java/org/apache/commons/cli/OptionBuilder.java,80
Cli,32,src/main/java/org/apache/commons/cli/HelpFormatter.java,937;938;939;940;941;942
Cli,33,src/main/java/org/apache/commons/cli/HelpFormatter.java,730;899;900;901
Cli,34,src/main/java/org/apache/commons/cli/Option.java,72
Cli,34,src/main/java/org/apache/commons/cli/OptionBuilder.java,84
Cli,35,src/main/java/org/apache/commons/cli/Options.java,239
Cli,36,src/main/java/org/apache/commons/cli/OptionGroup.java,31;22;23;37
Cli,36,src/main/java/org/apache/commons/cli/Options.java,58;24;61
Cli,37,src/main/java/org/apache/commons/cli/DefaultParser.java,302;304
Cli,38,src/main/java/org/apache/commons/cli/DefaultParser.java,302;308;309;310;311
Cli,39,src/main/java/org/apache/commons/cli/TypeHandler.java,92;233
Cli,4,src/java/org/apache/commons/cli/Parser.java,298;302;304
Cli,40,src/main/java/org/apache/commons/cli/TypeHandler.java,103
Cli,5,src/java/org/apache/commons/cli/Util.java,35
Cli,7,src/java/org/apache/commons/cli2/builder/PatternBuilder.java,19;20;67
Cli,8,src/java/org/apache/commons/cli/HelpFormatter.java,812
Cli,9,src/java/org/apache/commons/cli/Parser.java,319;322
Closure,1,src/com/google/javascript/jscomp/RemoveUnusedVars.java,378
Closure,10,src/com/google/javascript/jscomp/NodeUtil.java,1417
Closure,100,src/com/google/javascript/jscomp/CheckGlobalThis.java,140;98;146
Closure,101,src/com/google/javascript/jscomp/CommandLineRunner.java,433;434;435;436
Closure,102,src/com/google/javascript/jscomp/Normalize.java,88;94
Closure,103,src/com/google/javascript/jscomp/ControlFlowAnalysis.java,893
Closure,103,src/com/google/javascript/jscomp/DisambiguateProperties.java,762;765
Closure,104,src/com/google/javascript/rhino/jstype/UnionType.java,290;291;292
Closure,105,src/com/google/javascript/jscomp/FoldConstants.java,1477;1482;1483;1484;1488;1492;1500
Closure,106,src/com/google/javascript/jscomp/GlobalNamespace.java,906
Closure,106,src/com/google/javascript/rhino/JSDocInfoBuilder.java,189;191;192
Closure,107,src/com/google/javascript/jscomp/CommandLineRunner.java,861
Closure,108,src/com/google/javascript/jscomp/ScopedAliases.java,258;315;424;427;430;431;581;435;435
Closure,109,src/com/google/javascript/jscomp/parsing/JsDocInfoParser.java,1908
Closure,11,src/com/google/javascript/jscomp/TypeCheck.java,1314;1315
Closure,110,src/com/google/javascript/jscomp/ScopedAliases.java,357;363;366;368;369;371;382;383;391;392;394;407;408
Closure,110,src/com/google/javascript/rhino/Node.java,553
Closure,111,src/com/google/javascript/jscomp/type/ClosureReverseAbstractInterpreter.java,50;54
Closure,112,src/com/google/javascript/jscomp/TypeInference.java,1192;1193;1194
Closure,113,src/com/google/javascript/jscomp/ProcessClosurePrimitives.java,322;329;334
Closure,114,src/com/google/javascript/jscomp/NameAnalyzer.java,578
Closure,115,src/com/google/javascript/jscomp/FunctionInjector.java,697;698;699;700;701;702;703;704;730;731;732
Closure,116,src/com/google/javascript/jscomp/FunctionInjector.java,695;696;719;722;727
Closure,117,src/com/google/javascript/jscomp/TypeValidator.java,724;726;756;757;758;759;760;761;762;763;764;765;766;767
Closure,118,src/com/google/javascript/jscomp/DisambiguateProperties.java,492;493;494
Closure,119,src/com/google/javascript/jscomp/GlobalNamespace.java,365
Closure,12,src/com/google/javascript/jscomp/MaybeReachingVariableUse.java,159
Closure,120,src/com/google/javascript/jscomp/ReferenceCollectingCallback.java,430
Closure,121,src/com/google/javascript/jscomp/InlineVariables.java,304;307
Closure,122,src/com/google/javascript/jscomp/parsing/IRFactory.java,252
Closure,123,src/com/google/javascript/jscomp/CodeGenerator.java,285;286
Closure,124,src/com/google/javascript/jscomp/ExploitAssigns.java,208;211;212;213;214;219;219;219
Closure,125,src/com/google/javascript/jscomp/TypeCheck.java,1661
Closure,126,src/com/google/javascript/jscomp/MinimizeExitPoints.java,141;142;143;144
Closure,127,src/com/google/javascript/jscomp/UnreachableCodeElimination.java,170;176
Closure,128,src/com/google/javascript/jscomp/CodeGenerator.java,784;785;791
Closure,129,src/com/google/javascript/jscomp/PrepareAst.java,165
Closure,13,src/com/google/javascript/jscomp/PeepholeOptimizationsPass.java,126;127
Closure,130,src/com/google/javascript/jscomp/CollapseProperties.java,172
Closure,131,src/com/google/javascript/rhino/TokenStream.java,193;199
Closure,132,src/com/google/javascript/jscomp/PeepholeSubstituteAlternateSyntax.java,782
Closure,133,src/com/google/javascript/jscomp/parsing/JsDocInfoParser.java,2400
Closure,134,src/com/google/javascript/jscomp/AmbiguateProperties.java,210;356;366;553;557;594;595;596;597;599
Closure,134,src/com/google/javascript/jscomp/TypedScopeCreator.java,560;562
Closure,135,src/com/google/javascript/jscomp/DevirtualizePrototypeMethods.java,361;362;363
Closure,135,src/com/google/javascript/rhino/jstype/FunctionType.java,411;471
Closure,136,src/com/google/javascript/jscomp/MethodCompilerPass.java,102;106;107;108;109;110;111;112;113;114;115;116;117;118;119;120;121;122;123;124;125
Closure,136,src/com/google/javascript/jscomp/RenameVars.java,202;203
Closure,137,src/com/google/javascript/jscomp/MakeDeclaredNamesUnique.java,26;47;235;236;239;241;244;266;267;268;272;274;275;276;277;284;285;286;287;288;289;290;291;295;296;297;298;299;300;303;307;308;309;310;316;318;319;320;321;322;325;326;327;328;329;330;331;333;335;336;338;340;341;345;391;400;402;461
Closure,137,src/com/google/javascript/jscomp/NodeUtil.java,1042
Closure,137,src/com/google/javascript/jscomp/Normalize.java,82;101
Closure,138,src/com/google/javascript/jscomp/ClosureReverseAbstractInterpreter.java,206;207;208;218;223
Closure,138,src/com/google/javascript/jscomp/TypeInference.java,632;633;638;642;643;646
Closure,139,src/com/google/javascript/jscomp/Normalize.java,280;291;308;309;311;313;314;521;522
Closure,14,src/com/google/javascript/jscomp/ControlFlowAnalysis.java,766;767
Closure,140,src/com/google/javascript/jscomp/Compiler.java,263;327;1581;1582;1583;1584;1585;1586
Closure,141,src/com/google/javascript/jscomp/NodeUtil.java,601;603;608
Closure,141,src/com/google/javascript/jscomp/PureFunctionIdentifier.java,176;179;180;181;197
Closure,142,src/com/google/javascript/jscomp/CoalesceVariableNames.java,107
Closure,142,src/com/google/javascript/jscomp/parsing/JsDocInfoParser.java,1167;1182
Closure,143,src/com/google/javascript/jscomp/AbstractCommandLineRunner.java,868;871
Closure,143,src/com/google/javascript/jscomp/RemoveConstantExpressions.java,91
Closure,144,src/com/google/javascript/jscomp/FunctionTypeBuilder.java,73;200;201;202;212;213;496
Closure,144,src/com/google/javascript/jscomp/TypedScopeCreator.java,576;616;633
Closure,144,src/com/google/javascript/rhino/jstype/FunctionBuilder.java,100
Closure,144,src/com/google/javascript/rhino/jstype/FunctionType.java,517
Closure,145,src/com/google/javascript/jscomp/CodeGenerator.java,702;708;711;713;714
Closure,146,src/com/google/javascript/rhino/jstype/JSType.java,698;704;706
Closure,147,src/com/google/javascript/jscomp/CheckGlobalThis.java,108
Closure,147,src/com/google/javascript/jscomp/RuntimeTypeCheck.java,246
Closure,148,src/com/google/javascript/jscomp/PeepholeFoldConstants.java,181
Closure,148,src/com/google/javascript/jscomp/SourceMap.java,40;50;84;85;88;93;96;97;98;100;102;105;107;109;112;113;116;143;144;163;164;165;166;167;168;171;172;177;179;202;257;258;259;260;261;262;263;264;304;326;327;328;329;334;335;337;339;341;344;345;351;359;360;362;363;364;372;374;378;382;387;391;394;395;404;409;410;411;413;426;432;441;442;443;444;445;446;447;448;449;450;451;452;453;454;455;456;458;496;502;509;511;512;514;515;522;523;525;526;529;533;534;535;536;537;538;539;540;541;542;543
Closure,149,src/com/google/javascript/jscomp/AbstractCommandLineRunner.java,158;518;519;520;521;522;692
Closure,149,src/com/google/javascript/jscomp/CommandLineRunner.java,471
Closure,149,src/com/google/javascript/jscomp/Compiler.java,1362
Closure,149,src/com/google/javascript/jscomp/CompilerOptions.java,588;959
Closure,15,src/com/google/javascript/jscomp/FlowSensitiveInlineVariables.java,101
Closure,150,src/com/google/javascript/jscomp/TypedScopeCreator.java,1451;1452;1453;1454;1455;1456;1457;1458;1459;1460;1461;1462;1463;1464;1465
Closure,151,src/com/google/javascript/jscomp/CommandLineRunner.java,300;366;417
Closure,152,src/com/google/javascript/rhino/jstype/FunctionType.java,871
Closure,153,src/com/google/javascript/jscomp/Normalize.java,630;638;639;640;642;646;669;678;681
Closure,153,src/com/google/javascript/jscomp/SyntacticScopeCreator.java,23;95;103;125;126;127;142;154;180;181;189;190;235;236;237;238;242;244
Closure,154,src/com/google/javascript/jscomp/TypeCheck.java,185;186;187;188;189;190;191;242;1045;1048;1049;1050;1051;1052;1053;1054;1055;1056;1057
Closure,154,src/com/google/javascript/jscomp/TypeValidator.java,109;117;587;588
Closure,155,src/com/google/javascript/jscomp/InlineVariables.java,198;199;220;224;226;227;230;275;279
Closure,155,src/com/google/javascript/jscomp/ReferenceCollectingCallback.java,123
Closure,155,src/com/google/javascript/jscomp/Scope.java,62;289;290;291;292;293;458
Closure,156,src/com/google/javascript/jscomp/CollapseProperties.java,455;456;574;589;592;595;609;653;656;658;659;699;742
Closure,157,src/com/google/javascript/jscomp/CodeGenerator.java,343;350;653;656;657;658;659;662;663;666;723;724
Closure,157,src/com/google/javascript/jscomp/parsing/IRFactory.java,254;255;257;346;348;349;350;351;352;353;354
Closure,157,src/com/google/javascript/jscomp/RenamePrototypes.java,336;377
Closure,158,src/com/google/javascript/jscomp/AbstractCommandLineRunner.java,197;198;199;200;201;202;1497;1502;1503;1504;1505;1506;1507;1508;1509;1510;1511;1512;1513;1514;1515;1516;1628;1630;1631;1632
Closure,158,src/com/google/javascript/jscomp/CommandLineRunner.java,25;93;230;235;240;388;389;390;391;392;393;395;484;499;552;553;554
Closure,158,src/com/google/javascript/jscomp/DiagnosticGroups.java,23;186;187;188;190;192
Closure,159,src/com/google/javascript/jscomp/InlineFunctions.java,777;778;779;780
Closure,16,src/com/google/javascript/jscomp/ScopedAliases.java,169;172;174;180;468
Closure,160,src/com/google/javascript/jscomp/Compiler.java,267;275;276;277;281
Closure,161,src/com/google/javascript/jscomp/PeepholeFoldConstants.java,1282
Closure,162,src/com/google/javascript/jscomp/Scope.java,567
Closure,162,src/com/google/javascript/jscomp/ScopedAliases.java,225;270;271;272;302;303;307;308;309;310;311;312;313;315;316;317;322;323;324;325;326;327;342;343;344;345;346;355
Closure,163,src/com/google/javascript/jscomp/AnalyzePrototypeProperties.java,201;202;203;206;211;216;222;223;224;225;226;227;228;229;230;231;240;242;244;247;250;254;255;256;257;278;279;304;305;306;329;337;339;340;341;342;348;349;350;351;352;353;354;363;364;366;367;368;369;370;372;374;382;383;392;412;413;426;428;435;439;441;444;447;498;515;518;522;526;527;575;581;582;586;587;622;626;630;634;635;665;667;668
Closure,163,src/com/google/javascript/jscomp/CrossModuleMethodMotion.java,140
Closure,164,src/com/google/javascript/rhino/jstype/ArrowType.java,127;129;134;149;151;138
Closure,165,src/com/google/javascript/rhino/jstype/JSTypeRegistry.java,697
Closure,165,src/com/google/javascript/rhino/jstype/ObjectType.java,289
Closure,165,src/com/google/javascript/rhino/jstype/RecordType.java,67;69;83;85;92;94;101;150;151;156;157;157;157
Closure,165,src/com/google/javascript/rhino/jstype/RecordTypeBuilder.java,53;61;92
Closure,166,src/com/google/javascript/rhino/jstype/PrototypeObjectType.java,571;572;574
Closure,167,src/com/google/javascript/jscomp/type/SemanticReverseAbstractInterpreter.java,301;302;348;349;394;407;408;410;412;430;431;432;433;434
Closure,167,src/com/google/javascript/rhino/jstype/JSType.java,882
Closure,168,src/com/google/javascript/jscomp/TypedScopeCreator.java,1996
Closure,169,src/com/google/javascript/rhino/jstype/ArrowType.java,177;187;204;206;209
Closure,169,src/com/google/javascript/rhino/jstype/EquivalenceMethod.java,
Closure,169,src/com/google/javascript/rhino/jstype/FunctionType.java,792;890;908;909;918
Closure,169,src/com/google/javascript/rhino/jstype/JSType.java,492;500;514;520;528;530;545;550;555;565;566;571;572;580;592;598
Closure,169,src/com/google/javascript/rhino/jstype/RecordType.java,118;126;204;205;268;280;127
Closure,169,src/com/google/javascript/rhino/jstype/UnionType.java,334;335;340;347;349
Closure,17,src/com/google/javascript/jscomp/TypedScopeCreator.java,1291;1292;1295
Closure,170,src/com/google/javascript/jscomp/FlowSensitiveInlineVariables.java,482;488;489;490;491;494
Closure,171,src/com/google/javascript/jscomp/TypeInference.java,731;732;733;734;735;736
Closure,171,src/com/google/javascript/jscomp/TypedScopeCreator.java,1668
Closure,172,src/com/google/javascript/jscomp/TypedScopeCreator.java,1669;1670
Closure,173,src/com/google/javascript/jscomp/CodeGenerator.java,130;131;132;133;134;135
Closure,173,src/com/google/javascript/jscomp/PeepholeSubstituteAlternateSyntax.java,101;107
Closure,174,src/com/google/javascript/jscomp/JsAst.java,81;95;98
Closure,174,src/com/google/javascript/jscomp/NodeUtil.java,2367;2368
Closure,174,src/com/google/javascript/jscomp/ScopedAliases.java,356;357;362;365;366;376;385
Closure,175,src/com/google/javascript/jscomp/FunctionInjector.java,45;208;690;695;715;716;717;718;719;720;721;722;723;724;725;726;728;729;731;732
Closure,176,src/com/google/javascript/jscomp/TypeInference.java,530;548;549;561;564;565
Closure,18,src/com/google/javascript/jscomp/Compiler.java,1288
Closure,19,src/com/google/javascript/jscomp/type/ChainableReverseAbstractInterpreter.java,171;172
Closure,2,src/com/google/javascript/jscomp/TypeCheck.java,1570;1571;1573;1574
Closure,20,src/com/google/javascript/jscomp/PeepholeSubstituteAlternateSyntax.java,220
Closure,21,src/com/google/javascript/jscomp/CheckSideEffects.java,101;113;114;115;116;117;118;119;120;121;122;123;124;125;126;127;128;129;130
Closure,22,src/com/google/javascript/jscomp/CheckSideEffects.java,101;102;103;104;106;111;112;113;114;115;116;117;118;119;120;121;122;123;124;125;127;134;135;136;137;138
Closure,23,src/com/google/javascript/jscomp/PeepholeFoldConstants.java,1449;1451;1452
Closure,24,src/com/google/javascript/jscomp/ScopedAliases.java,278;279;281;286;288;294
Closure,25,src/com/google/javascript/jscomp/TypeInference.java,1035;1038;1054;1059;1060;1061
Closure,26,src/com/google/javascript/jscomp/ProcessCommonJSModules.java,127;131;206;208;227
Closure,27,src/com/google/javascript/rhino/IR.java,110;224;225;233
Closure,28,src/com/google/javascript/jscomp/InlineCostEstimator.java,101
Closure,29,src/com/google/javascript/jscomp/InlineObjectLiterals.java,156;180;215
Closure,3,src/com/google/javascript/jscomp/FlowSensitiveInlineVariables.java,155;280;374
Closure,30,src/com/google/javascript/jscomp/FlowSensitiveInlineVariables.java,157
Closure,30,src/com/google/javascript/jscomp/MustBeReachingVariableDef.java,70;396;397;398;429
Closure,31,src/com/google/javascript/jscomp/Compiler.java,1285
Closure,32,src/com/google/javascript/jscomp/parsing/JsDocInfoParser.java,1357;1363;1381;1388;1389;1414;1415;1416
Closure,33,src/com/google/javascript/rhino/jstype/PrototypeObjectType.java,556
Closure,34,src/com/google/javascript/jscomp/CodeGenerator.java,116;122;123;124;754
Closure,34,src/com/google/javascript/jscomp/CodePrinter.java,334
Closure,35,src/com/google/javascript/jscomp/TypeInference.java,1114;1121;1122;1123;1124;1125;1126;1127;1128;1129;1130;1131;1132;1133;1134;1135
Closure,36,src/com/google/javascript/jscomp/InlineVariables.java,574
Closure,37,src/com/google/javascript/jscomp/NodeTraversal.java,541
Closure,37,src/com/google/javascript/jscomp/parsing/IRFactory.java,666;669
Closure,38,src/com/google/javascript/jscomp/CodeConsumer.java,243;245;249
Closure,39,src/com/google/javascript/rhino/jstype/PrototypeObjectType.java,380;383;394;385
Closure,4,src/com/google/javascript/rhino/jstype/NamedType.java,190;202
Closure,40,src/com/google/javascript/jscomp/NameAnalyzer.java,635;636;639
Closure,41,src/com/google/javascript/jscomp/FunctionTypeBuilder.java,291;482
Closure,42,src/com/google/javascript/jscomp/parsing/IRFactory.java,567;569;570
Closure,43,src/com/google/javascript/jscomp/TypedScopeCreator.java,419;546;579;580
Closure,44,src/com/google/javascript/jscomp/CodeConsumer.java,193;198
Closure,45,src/com/google/javascript/jscomp/RemoveUnusedVars.java,731;738;741;904
Closure,46,src/com/google/javascript/rhino/jstype/RecordType.java,140;141;142;143;144;145;146;147;148;149;150;151;152;153;154;155
Closure,47,src/com/google/debugging/sourcemap/SourceMapConsumerV3.java,489;490
Closure,47,src/com/google/javascript/jscomp/SourceMap.java,137;141
Closure,48,src/com/google/javascript/jscomp/TypedScopeCreator.java,1521;1523;1524;1525
Closure,49,src/com/google/javascript/jscomp/MakeDeclaredNamesUnique.java,91;92;93;94;95;96;97;98;129;130;132;134;172;176;179
Closure,5,src/com/google/javascript/jscomp/InlineObjectLiterals.java,175
Closure,50,src/com/google/javascript/jscomp/PeepholeReplaceKnownMethods.java,376;388;389
Closure,51,src/com/google/javascript/jscomp/CodeConsumer.java,241;258;259;260
Closure,52,src/com/google/javascript/jscomp/CodeGenerator.java,745
Closure,53,src/com/google/javascript/jscomp/InlineObjectLiterals.java,342;342;330;348;349
Closure,54,src/com/google/javascript/jscomp/TypedScopeCreator.java,1413;1419;1422
Closure,54,src/com/google/javascript/rhino/jstype/FunctionType.java,341;366;371;373
Closure,55,src/com/google/javascript/jscomp/FunctionRewriter.java,117
Closure,56,src/com/google/javascript/jscomp/SourceFile.java,236;238;242
Closure,57,src/com/google/javascript/jscomp/ClosureCodingConvention.java,196;197
Closure,58,src/com/google/javascript/jscomp/LiveVariablesAnalysis.java,205;207
Closure,59,src/com/google/javascript/jscomp/Compiler.java,255;256
Closure,6,src/com/google/javascript/jscomp/TypeValidator.java,366;367;368;385;405;406;407;409
Closure,60,src/com/google/javascript/jscomp/NodeUtil.java,107;135;136
Closure,61,src/com/google/javascript/jscomp/NodeUtil.java,957
Closure,62,src/com/google/javascript/jscomp/LightweightMessageFormatter.java,98;99;102
Closure,63,src/com/google/javascript/jscomp/LightweightMessageFormatter.java,97;98
Closure,64,src/com/google/javascript/jscomp/Compiler.java,1432;1461;1467;1473;1474
Closure,65,src/com/google/javascript/jscomp/CodeGenerator.java,1014;1015
Closure,66,src/com/google/javascript/jscomp/TypeCheck.java,515;516
Closure,67,src/com/google/javascript/jscomp/AnalyzePrototypeProperties.java,318
Closure,68,src/com/google/javascript/jscomp/parsing/JsDocInfoParser.java,867;870;1708;1760;1761
Closure,69,src/com/google/javascript/jscomp/TypeCheck.java,1579
Closure,7,src/com/google/javascript/jscomp/type/ChainableReverseAbstractInterpreter.java,613;614;615
Closure,70,src/com/google/javascript/jscomp/TypedScopeCreator.java,1745
Closure,71,src/com/google/javascript/jscomp/CheckAccessControls.java,413;416
Closure,72,src/com/google/javascript/jscomp/FunctionToBlockMutator.java,151
Closure,72,src/com/google/javascript/jscomp/RenameLabels.java,215
Closure,73,src/com/google/javascript/jscomp/CodeGenerator.java,1045
Closure,74,src/com/google/javascript/jscomp/PeepholeFoldConstants.java,907;908;909;1073
Closure,75,src/com/google/javascript/jscomp/NodeUtil.java,373;312;315;317;375
Closure,76,src/com/google/javascript/jscomp/DeadAssignmentsElimination.java,299;304;309;310;317;318;319;339;361;363;364;372;378
Closure,77,src/com/google/javascript/jscomp/CodeGenerator.java,962;964;965
Closure,78,src/com/google/javascript/jscomp/PeepholeFoldConstants.java,711;718
Closure,79,src/com/google/javascript/jscomp/Normalize.java,122
Closure,79,src/com/google/javascript/jscomp/VarCheck.java,220;221
Closure,8,src/com/google/javascript/jscomp/CollapseVariableDeclarations.java,203;207
Closure,80,src/com/google/javascript/jscomp/NodeUtil.java,1261;2909
Closure,81,src/com/google/javascript/jscomp/parsing/IRFactory.java,516
Closure,82,src/com/google/javascript/rhino/jstype/JSType.java,163
Closure,83,src/com/google/javascript/jscomp/CommandLineRunner.java,334
Closure,84,src/com/google/javascript/jscomp/parsing/IRFactory.java,340;796;805
Closure,85,src/com/google/javascript/jscomp/UnreachableCodeElimination.java,153;154;155;156;157;158;160;161;162;163;164;165;166;183;195
Closure,86,src/com/google/javascript/jscomp/NodeUtil.java,2465
Closure,87,src/com/google/javascript/jscomp/PeepholeSubstituteAlternateSyntax.java,522;528;531;533
Closure,88,src/com/google/javascript/jscomp/DeadAssignmentsElimination.java,326;329
Closure,89,src/com/google/javascript/jscomp/CollapseProperties.java,483
Closure,89,src/com/google/javascript/jscomp/GlobalNamespace.java,920
Closure,9,src/com/google/javascript/jscomp/ProcessCommonJSModules.java,118;183
Closure,90,src/com/google/javascript/jscomp/FunctionTypeBuilder.java,184;187
Closure,90,src/com/google/javascript/rhino/jstype/FunctionType.java,879
Closure,91,src/com/google/javascript/jscomp/CheckGlobalThis.java,114
Closure,92,src/com/google/javascript/jscomp/ProcessClosurePrimitives.java,789;790;796
Closure,93,src/com/google/javascript/jscomp/ProcessClosurePrimitives.java,789;790;796
Closure,94,src/com/google/javascript/jscomp/NodeUtil.java,326;328;332;336;337;342;343
Closure,95,src/com/google/javascript/jscomp/TypedScopeCreator.java,898;901
Closure,96,src/com/google/javascript/jscomp/TypeCheck.java,1409;1411;1412;1413;1416
Closure,97,src/com/google/javascript/jscomp/PeepholeFoldConstants.java,698;699
Closure,98,src/com/google/javascript/jscomp/ReferenceCollectingCallback.java,360;544;548;560;561
Closure,99,src/com/google/javascript/jscomp/CheckGlobalThis.java,89;90;91;124;129;131
Codec,1,src/java/org/apache/commons/codec/language/Caverphone.java,59
Codec,1,src/java/org/apache/commons/codec/language/Metaphone.java,88
Codec,1,src/java/org/apache/commons/codec/language/SoundexUtils.java,53
Codec,10,src/java/org/apache/commons/codec/language/Caverphone.java,76;79
Codec,11,src/main/java/org/apache/commons/codec/net/QuotedPrintableCodec.java,69;70;72;114;119;131;143;151;174;176;178;179;180;181;182;183;184;186;189;194;198;199;229;235
Codec,12,src/main/java/org/apache/commons/codec/binary/BaseNCodecInputStream.java,141;143;144;151;157
Codec,13,src/main/java/org/apache/commons/codec/binary/CharSequenceUtils.java,
Codec,13,src/main/java/org/apache/commons/codec/binary/StringUtils.java,69
Codec,13,src/main/java/org/apache/commons/codec/language/DoubleMetaphone.java,21;244
Codec,14,src/main/java/org/apache/commons/codec/language/bm/Lang.java,98;102
Codec,14,src/main/java/org/apache/commons/codec/language/bm/PhoneticEngine.java,31;338;361;364
Codec,14,src/main/java/org/apache/commons/codec/language/bm/Rule.java,157
Codec,14,src/main/java/src/main/resources/org/apache/commons/codec/language/bm/ash_lang/txt.java,
Codec,14,src/main/java/src/main/resources/org/apache/commons/codec/language/bm/gen_lang/txt.java,
Codec,14,src/main/java/src/main/resources/org/apache/commons/codec/language/bm/sep_lang/txt.java,
Codec,15,src/main/java/org/apache/commons/codec/language/Soundex.java,188;189;190;191;192;193
Codec,16,src/main/java/org/apache/commons/codec/binary/Base32.java,99
Codec,17,src/main/java/org/apache/commons/codec/binary/StringUtils.java,339
Codec,18,src/main/java/org/apache/commons/codec/binary/StringUtils.java,81
Codec,2,src/java/org/apache/commons/codec/binary/Base64.java,446;447;448
Codec,3,src/java/org/apache/commons/codec/language/DoubleMetaphone.java,455
Codec,4,src/java/org/apache/commons/codec/binary/Base64.java,225;226
Codec,5,src/java/org/apache/commons/codec/binary/Base64.java,585
Codec,6,src/java/org/apache/commons/codec/binary/Base64InputStream.java,145;147;163;178
Codec,7,src/java/org/apache/commons/codec/binary/Base64.java,670
Codec,8,src/java/org/apache/commons/codec/binary/Base64.java,419;420;421;422;423;424;425
Codec,8,src/java/org/apache/commons/codec/binary/Base64InputStream.java,169;170;171
Codec,9,src/java/org/apache/commons/codec/binary/Base64.java,827
Collections,25,src/main/java/org/apache/commons/collections4/IteratorUtils.java,605;626;648
Collections,26,src/main/java/org/apache/commons/collections4/keyvalue/MultiKey.java,277;278;279
Collections,27,src/main/java/org/apache/commons/collections4/map/MultiValueMap.java,567
Collections,28,src/main/java/org/apache/commons/collections4/trie/AbstractPatriciaTrie.java,2261
Compress,1,src/main/java/org/apache/commons/compress/archivers/cpio/CpioArchiveOutputStream.java,345
Compress,10,src/main/java/org/apache/commons/compress/archivers/zip/ZipFile.java,803;808;809;841
Compress,11,src/main/java/org/apache/commons/compress/archivers/ArchiveStreamFactory.java,239;247
Compress,12,src/main/java/org/apache/commons/compress/archivers/tar/TarArchiveInputStream.java,198
Compress,13,src/main/java/org/apache/commons/compress/archivers/zip/ZipArchiveEntry.java,511
Compress,14,src/main/java/org/apache/commons/compress/archivers/tar/TarUtils.java,65;66;67;68;69;70;71;72
Compress,15,src/main/java/org/apache/commons/compress/archivers/zip/ZipArchiveEntry.java,667;669;670;671;672;673;675
Compress,16,src/main/java/org/apache/commons/compress/archivers/ArchiveStreamFactory.java,244;245
Compress,17,src/main/java/org/apache/commons/compress/archivers/tar/TarUtils.java,134;135;136;143
Compress,18,src/main/java/org/apache/commons/compress/archivers/tar/TarArchiveOutputStream.java,456;458
Compress,19,src/main/java/org/apache/commons/compress/archivers/zip/Zip64ExtendedInformationExtraField.java,259
Compress,2,src/main/java/org/apache/commons/compress/archivers/ar/ArArchiveInputStream.java,41;45;59;61;76;77;79;83;84;85;114;116;128;132;133;134;142
Compress,20,src/main/java/org/apache/commons/compress/archivers/cpio/CpioArchiveInputStream.java,331;347;361;373;387;399
Compress,21,src/main/java/org/apache/commons/compress/archivers/sevenz/SevenZOutputFile.java,639;640;646
Compress,22,src/main/java/org/apache/commons/compress/compressors/bzip2/BZip2CompressorInputStream.java,67;135;199;205;211;212;215;216;222;223;226;227;232;853;871;913;942
Compress,23,src/main/java/org/apache/commons/compress/archivers/sevenz/Coders.java,109;112;117
Compress,24,src/main/java/org/apache/commons/compress/archivers/tar/TarUtils.java,128;129;130;131;132;133;134;135;136;138
Compress,25,src/main/java/org/apache/commons/compress/archivers/zip/ZipArchiveInputStream.java,183
Compress,26,src/main/java/org/apache/commons/compress/utils/IOUtils.java,102;103
Compress,27,src/main/java/org/apache/commons/compress/archivers/tar/TarUtils.java,128;133;134;135;136
Compress,28,src/main/java/org/apache/commons/compress/archivers/tar/TarArchiveInputStream.java,583;585;587
Compress,29,src/main/java/org/apache/commons/compress/archivers/ArchiveStreamFactory.java,296;297;359;360
Compress,29,src/main/java/org/apache/commons/compress/archivers/cpio/CpioArchiveInputStream.java,96;154
Compress,29,src/main/java/org/apache/commons/compress/archivers/cpio/CpioArchiveOutputStream.java,97;161
Compress,29,src/main/java/org/apache/commons/compress/archivers/dump/DumpArchiveInputStream.java,79;103
Compress,29,src/main/java/org/apache/commons/compress/archivers/tar/TarArchiveInputStream.java,78;141
Compress,29,src/main/java/org/apache/commons/compress/archivers/tar/TarArchiveOutputStream.java,152;89;154
Compress,29,src/main/java/org/apache/commons/compress/archivers/zip/ZipArchiveInputStream.java,64;183
Compress,3,src/main/java/org/apache/commons/compress/archivers/tar/TarArchiveOutputStream.java,54;111;186;216
Compress,30,src/main/java/org/apache/commons/compress/compressors/bzip2/BZip2CompressorInputStream.java,167
Compress,31,src/main/java/org/apache/commons/compress/archivers/tar/TarUtils.java,130;135;136;137;140
Compress,32,src/main/java/org/apache/commons/compress/archivers/tar/TarArchiveInputStream.java,501;505
Compress,33,src/main/java/org/apache/commons/compress/compressors/CompressorStreamFactory.java,239
Compress,33,src/main/java/org/apache/commons/compress/compressors/deflate/DeflateCompressorInputStream.java,32;105
Compress,34,src/main/java/org/apache/commons/compress/archivers/zip/X7875_NewUnix.java,57;146
Compress,35,src/main/java/org/apache/commons/compress/archivers/tar/TarUtils.java,594;602;603;604;605;606
Compress,36,src/main/java/org/apache/commons/compress/archivers/sevenz/SevenZFile.java,901;902
Compress,37,src/main/java/org/apache/commons/compress/archivers/tar/TarArchiveInputStream.java,462
Compress,38,src/main/java/org/apache/commons/compress/archivers/tar/TarArchiveEntry.java,859;860
Compress,39,src/main/java/org/apache/commons/compress/utils/ArchiveUtils.java,30;273;274;279
Compress,4,src/main/java/org/apache/commons/compress/archivers/cpio/CpioArchiveOutputStream.java,336
Compress,4,src/main/java/org/apache/commons/compress/archivers/tar/TarArchiveOutputStream.java,125;126
Compress,4,src/main/java/org/apache/commons/compress/archivers/zip/ZipArchiveOutputStream.java,530
Compress,4,src/main/java/org/apache/commons/compress/changes/ChangeSetPerformer.java,127
Compress,40,src/main/java/org/apache/commons/compress/utils/BitInputStream.java,85;97;98;100;105;107
Compress,41,src/main/java/org/apache/commons/compress/archivers/zip/ZipArchiveInputStream.java,244;246;248;249
Compress,42,src/main/java/org/apache/commons/compress/archivers/zip/UnixStat.java,34
Compress,42,src/main/java/org/apache/commons/compress/archivers/zip/ZipArchiveEntry.java,297
Compress,43,src/main/java/org/apache/commons/compress/archivers/zip/ZipArchiveOutputStream.java,1034;1075;1171;1492;1493
Compress,44,src/main/java/org/apache/commons/compress/utils/ChecksumCalculatingInputStream.java,34;35
Compress,45,src/main/java/org/apache/commons/compress/archivers/tar/TarUtils.java,485;486;488
Compress,46,src/main/java/org/apache/commons/compress/archivers/zip/X5455_ExtendedTimestamp.java,529;530
Compress,47,src/main/java/org/apache/commons/compress/archivers/zip/ZipArchiveInputStream.java,415;439;808
Compress,5,src/main/java/org/apache/commons/compress/archivers/zip/ZipArchiveInputStream.java,239;240
Compress,6,src/main/java/org/apache/commons/compress/archivers/zip/ZipArchiveEntry.java,63;462;463;466
Compress,7,src/main/java/org/apache/commons/compress/archivers/tar/TarUtils.java,98;101
Compress,8,src/main/java/org/apache/commons/compress/archivers/tar/TarUtils.java,53;56;58;59;61;64;65;66;67;68;70;71;73;74;76
Compress,9,src/main/java/org/apache/commons/compress/archivers/tar/TarArchiveOutputStream.java,107;108;330;331
Csv,1,src/main/java/org/apache/commons/csv/ExtendedBufferedReader.java,51;56;58;59
Csv,10,src/main/java/org/apache/commons/csv/CSVPrinter.java,63;65;66;67;69;70
Csv,11,src/main/java/org/apache/commons/csv/CSVParser.java,384
Csv,12,src/main/java/org/apache/commons/csv/CSVFormat.java,219
Csv,13,src/main/java/org/apache/commons/csv/CSVFormat.java,318;319
Csv,13,src/main/java/org/apache/commons/csv/CSVPrinter.java,139
Csv,14,src/main/java/org/apache/commons/csv/CSVFormat.java,1039
Csv,15,src/main/java/org/apache/commons/csv/CSVFormat.java,1189;1190;1191
Csv,16,src/main/java/org/apache/commons/csv/CSVParser.java,288;356;523;571
Csv,2,src/main/java/org/apache/commons/csv/CSVRecord.java,81;84;85
Csv,3,src/main/java/org/apache/commons/csv/Lexer.java,108;109;110;111;112;116
Csv,4,src/main/java/org/apache/commons/csv/CSVParser.java,288
Csv,5,src/main/java/org/apache/commons/csv/CSVPrinter.java,324;325
Csv,6,src/main/java/org/apache/commons/csv/CSVRecord.java,181;182
Csv,7,src/main/java/org/apache/commons/csv/CSVParser.java,31;369;370;371
Csv,8,src/main/java/org/apache/commons/csv/CSVFormat.java,315;665;666;667;668;669;670;671
Csv,9,src/main/java/org/apache/commons/csv/CSVRecord.java,179;180
Gson,1,gson/src/main/java/com/google/gson/TypeInfoFactory.java,92;94;108;109;110;111;112
Gson,10,gson/src/main/java/com/google/gson/internal/bind/ReflectiveTypeAdapterFactory.java,121;122;123;125
Gson,11,gson/src/main/java/com/google/gson/internal/bind/TypeAdapters.java,370
Gson,12,gson/src/main/java/com/google/gson/internal/bind/JsonTreeReader.java,261;262;263;264
Gson,13,gson/src/main/java/com/google/gson/stream/JsonReader.java,731
Gson,14,gson/src/main/java/com/google/gson/internal/$Gson$Types.java,78;79;93;94
Gson,15,gson/src/main/java/com/google/gson/stream/JsonWriter.java,495
Gson,16,gson/src/main/java/com/google/gson/internal/$Gson$Types.java,341;342
Gson,17,gson/src/main/java/com/google/gson/DefaultDateTypeAdapter.java,98;99;100;103
Gson,18,gson/src/main/java/com/google/gson/internal/$Gson$Types.java,278
Gson,2,gson/src/main/java/com/google/gson/internal/bind/TypeAdapters.java,833;834
Gson,3,gson/src/main/java/com/google/gson/internal/ConstructorConstructor.java,35;174;175;176;178;183
Gson,4,gson/src/main/java/com/google/gson/stream/JsonReader.java,574;575;576;584;585;586
Gson,4,gson/src/main/java/com/google/gson/stream/JsonWriter.java,325;418;435;454;466;483;495;518;613;622;623;624;625
Gson,5,gson/src/main/java/com/google/gson/internal/bind/util/ISO8601Utils.java,213
Gson,6,gson/src/main/java/com/google/gson/internal/bind/JsonAdapterAnnotationTypeAdapterFactory.java,63;66;67
Gson,7,gson/src/main/java/com/google/gson/stream/JsonReader.java,954;955;1182;1183
Gson,8,gson/src/main/java/com/google/gson/internal/UnsafeAllocator.java,22;44;47;48;70;89;109
Gson,9,gson/src/main/java/com/google/gson/internal/bind/JsonTreeWriter.java,161
Gson,9,gson/src/main/java/com/google/gson/internal/bind/TypeAdapters.java,165;166;167;168
Gson,9,gson/src/main/java/com/google/gson/stream/JsonWriter.java,475
JacksonCore,1,src/main/java/com/fasterxml/jackson/core/io/NumberInput.java,294;295;304;305;307
JacksonCore,1,src/main/java/com/fasterxml/jackson/core/util/TextBuffer.java,390;394
JacksonCore,10,src/main/java/com/fasterxml/jackson/core/sym/ByteQuadsCanonicalizer.java,925;984
JacksonCore,11,src/main/java/com/fasterxml/jackson/core/sym/ByteQuadsCanonicalizer.java,881
JacksonCore,12,src/main/java/com/fasterxml/jackson/core/json/ReaderBasedJsonParser.java,622;629;634;773;775;779;851;852;856;861;916;966;2670;2671;2672;2673
JacksonCore,12,src/main/java/com/fasterxml/jackson/core/json/UTF8StreamJsonParser.java,3622
JacksonCore,13,src/main/java/com/fasterxml/jackson/core/json/JsonGeneratorImpl.java,126
JacksonCore,14,src/main/java/com/fasterxml/jackson/core/io/IOContext.java,274;279;284
JacksonCore,15,src/main/java/com/fasterxml/jackson/core/filter/FilteringParserDelegate.java,226;227;229
JacksonCore,16,src/main/java/com/fasterxml/jackson/core/util/JsonParserSequence.java,34;44;104;105;107;108;109;110;112
JacksonCore,17,src/main/java/com/fasterxml/jackson/core/json/UTF8JsonGenerator.java,527;531;534;536;538;671;1887
JacksonCore,18,src/main/java/com/fasterxml/jackson/core/base/GeneratorBase.java,52;433;434
JacksonCore,18,src/main/java/com/fasterxml/jackson/core/json/UTF8JsonGenerator.java,910;911;912;913
JacksonCore,18,src/main/java/com/fasterxml/jackson/core/json/WriterBasedJsonGenerator.java,684;686;687;688;689;690
JacksonCore,19,src/main/java/com/fasterxml/jackson/core/json/ReaderBasedJsonParser.java,1415;1417
JacksonCore,19,src/main/java/com/fasterxml/jackson/core/json/UTF8StreamJsonParser.java,1543
JacksonCore,2,src/main/java/com/fasterxml/jackson/core/json/ReaderBasedJsonParser.java,951;1080;1161;1162
JacksonCore,2,src/main/java/com/fasterxml/jackson/core/json/UTF8StreamJsonParser.java,1243;1279;1406;1420;1421;1422;2575;2576;2577
JacksonCore,20,src/main/java/com/fasterxml/jackson/core/JsonGenerator.java,1330
JacksonCore,21,src/main/java/com/fasterxml/jackson/core/filter/FilteringParserDelegate.java,237;238;247
JacksonCore,22,src/main/java/com/fasterxml/jackson/core/filter/FilteringParserDelegate.java,417;438;439;440;575;596;598;599;600;717;730;731;732;770
JacksonCore,23,src/main/java/com/fasterxml/jackson/core/util/DefaultPrettyPrinter.java,254
JacksonCore,24,src/main/java/com/fasterxml/jackson/core/base/ParserBase.java,869;870;871;887
JacksonCore,24,src/main/java/com/fasterxml/jackson/core/base/ParserMinimalBase.java,565;566;569;582;583;586
JacksonCore,25,src/main/java/com/fasterxml/jackson/core/json/ReaderBasedJsonParser.java,1962;1963;1964
JacksonCore,26,src/main/java/com/fasterxml/jackson/core/json/async/NonBlockingJsonParser.java,107
JacksonCore,3,src/main/java/com/fasterxml/jackson/core/json/UTF8StreamJsonParser.java,123;124;125;126
JacksonCore,4,src/main/java/com/fasterxml/jackson/core/util/TextBuffer.java,582;584;586
JacksonCore,5,src/main/java/com/fasterxml/jackson/core/JsonPointer.java,192;193;194;195
JacksonCore,6,src/main/java/com/fasterxml/jackson/core/JsonPointer.java,193;194;195;196
JacksonCore,7,src/main/java/com/fasterxml/jackson/core/json/JsonWriteContext.java,168
JacksonCore,8,src/main/java/com/fasterxml/jackson/core/util/TextBuffer.java,302;307
JacksonCore,9,src/main/java/com/fasterxml/jackson/core/base/ParserMinimalBase.java,391;398
JacksonCore,9,src/main/java/com/fasterxml/jackson/core/json/ReaderBasedJsonParser.java,252;264
JacksonCore,9,src/main/java/com/fasterxml/jackson/core/json/UTF8StreamJsonParser.java,304;317
JacksonDatabind,1,src/main/java/com/fasterxml/jackson/databind/ser/BeanPropertyWriter.java,591
JacksonDatabind,10,src/main/java/com/fasterxml/jackson/databind/ser/AnyGetterWriter.java,23;29;32;33;48;51;74;82
JacksonDatabind,10,src/main/java/com/fasterxml/jackson/databind/ser/BeanSerializerFactory.java,395;396
JacksonDatabind,100,src/main/java/com/fasterxml/jackson/databind/node/TreeTraversingParser.java,360;363;364;365;366;367;368;369;370;371;372
JacksonDatabind,101,src/main/java/com/fasterxml/jackson/databind/deser/BeanDeserializer.java,769;771;776;773
JacksonDatabind,102,src/main/java/com/fasterxml/jackson/databind/ser/std/DateTimeSerializerBase.java,67;68;69
JacksonDatabind,103,src/main/java/com/fasterxml/jackson/databind/DatabindContext.java,195
JacksonDatabind,103,src/main/java/com/fasterxml/jackson/databind/DeserializationContext.java,714;1603
JacksonDatabind,103,src/main/java/com/fasterxml/jackson/databind/JsonMappingException.java,9;339;380
JacksonDatabind,103,src/main/java/com/fasterxml/jackson/databind/SerializerProvider.java,1341;1361
JacksonDatabind,103,src/main/java/com/fasterxml/jackson/databind/deser/BasicDeserializerFactory.java,1589
JacksonDatabind,103,src/main/java/com/fasterxml/jackson/databind/deser/BeanDeserializerFactory.java,222;281
JacksonDatabind,103,src/main/java/com/fasterxml/jackson/databind/deser/DeserializerCache.java,268
JacksonDatabind,103,src/main/java/com/fasterxml/jackson/databind/deser/SettableAnyProperty.java,202;214
JacksonDatabind,103,src/main/java/com/fasterxml/jackson/databind/deser/SettableBeanProperty.java,590;611
JacksonDatabind,103,src/main/java/com/fasterxml/jackson/databind/deser/std/StdDeserializer.java,526
JacksonDatabind,103,src/main/java/com/fasterxml/jackson/databind/deser/std/StdKeyDeserializer.java,135;262
JacksonDatabind,103,src/main/java/com/fasterxml/jackson/databind/deser/std/StdValueInstantiator.java,456
JacksonDatabind,103,src/main/java/com/fasterxml/jackson/databind/introspect/BasicBeanDescription.java,364
JacksonDatabind,103,src/main/java/com/fasterxml/jackson/databind/ser/DefaultSerializerProvider.java,171;505
JacksonDatabind,103,src/main/java/com/fasterxml/jackson/databind/ser/PropertyBuilder.java,103;105
JacksonDatabind,103,src/main/java/com/fasterxml/jackson/databind/util/ClassUtil.java,9;751
JacksonDatabind,104,src/main/java/com/fasterxml/jackson/databind/util/StdDateFormat.java,440;445;446;482;484;487;515;516;448
JacksonDatabind,105,src/main/java/com/fasterxml/jackson/databind/deser/std/JdkDeserializers.java,22;46
JacksonDatabind,106,src/main/java/com/fasterxml/jackson/databind/node/TreeTraversingParser.java,307;313
JacksonDatabind,107,src/main/java/com/fasterxml/jackson/databind/jsontype/impl/TypeDeserializerBase.java,165
JacksonDatabind,108,src/main/java/com/fasterxml/jackson/databind/ObjectReader.java,1169;1706
JacksonDatabind,109,src/main/java/com/fasterxml/jackson/databind/ser/std/NumberSerializer.java,36;57;112;113;114;115;116;118;119;120;122
JacksonDatabind,109,src/main/java/com/fasterxml/jackson/databind/ser/std/NumberSerializers.java,4;99
JacksonDatabind,11,src/main/java/com/fasterxml/jackson/databind/type/TypeFactory.java,895;902
JacksonDatabind,110,src/main/java/com/fasterxml/jackson/databind/deser/impl/JavaUtilCollectionsDeserializers.java,46;57;78
JacksonDatabind,111,src/main/java/com/fasterxml/jackson/databind/deser/CreatorProperty.java,135
JacksonDatabind,111,src/main/java/com/fasterxml/jackson/databind/deser/impl/FieldProperty.java,93;217
JacksonDatabind,111,src/main/java/com/fasterxml/jackson/databind/deser/impl/MethodProperty.java,84
JacksonDatabind,111,src/main/java/com/fasterxml/jackson/databind/deser/impl/ObjectIdReferenceProperty.java,54
JacksonDatabind,111,src/main/java/com/fasterxml/jackson/databind/deser/impl/ObjectIdValueProperty.java,55
JacksonDatabind,111,src/main/java/com/fasterxml/jackson/databind/deser/impl/SetterlessProperty.java,68;156
JacksonDatabind,111,src/main/java/com/fasterxml/jackson/databind/deser/std/AtomicReferenceDeserializer.java,37;43
JacksonDatabind,112,src/main/java/com/fasterxml/jackson/databind/deser/std/StringCollectionDeserializer.java,107;108
JacksonDatabind,12,src/main/java/com/fasterxml/jackson/databind/deser/std/MapDeserializer.java,303
JacksonDatabind,13,src/main/java/com/fasterxml/jackson/databind/deser/DefaultDeserializationContext.java,86
JacksonDatabind,13,src/main/java/com/fasterxml/jackson/databind/deser/impl/ObjectIdValueProperty.java,91
JacksonDatabind,14,src/main/java/com/fasterxml/jackson/databind/ObjectReader.java,1476;1477;1576;1577
JacksonDatabind,15,src/main/java/com/fasterxml/jackson/databind/JavaType.java,301
JacksonDatabind,15,src/main/java/com/fasterxml/jackson/databind/ser/BeanSerializerFactory.java,163
JacksonDatabind,15,src/main/java/com/fasterxml/jackson/databind/ser/std/BeanSerializerBase.java,370
JacksonDatabind,15,src/main/java/com/fasterxml/jackson/databind/ser/std/StdDelegatingSerializer.java,120;121;126;127;161;172;179;186;224;255;256
JacksonDatabind,15,src/main/java/com/fasterxml/jackson/databind/ser/std/StdSerializer.java,262
JacksonDatabind,16,src/main/java/com/fasterxml/jackson/databind/introspect/AnnotationMap.java,112
JacksonDatabind,17,src/main/java/com/fasterxml/jackson/databind/ObjectMapper.java,180
JacksonDatabind,18,src/main/java/com/fasterxml/jackson/databind/MappingIterator.java,27;31;36;41;69;74;98;138;140;143;188;191;210;211;213;214;216;221;222;223;224;228;236;239;241;242;243;244;245;253;255;351;352;353
JacksonDatabind,19,src/main/java/com/fasterxml/jackson/databind/type/TypeFactory.java,1020
JacksonDatabind,2,src/main/java/com/fasterxml/jackson/databind/util/TokenBuffer.java,782;783;787;788;792;793;795
JacksonDatabind,20,src/main/java/com/fasterxml/jackson/databind/node/ObjectNode.java,3;323
JacksonDatabind,21,src/main/java/com/fasterxml/jackson/databind/introspect/JacksonAnnotationIntrospector.java,3;63;66;67;68
JacksonDatabind,22,src/main/java/com/fasterxml/jackson/databind/ser/BasicSerializerFactory.java,580;584;586;588;594;595;598;603;611;616;618;621;624;636;640;654;690;737;742;755;783;831;840
JacksonDatabind,22,src/main/java/com/fasterxml/jackson/databind/ser/BeanSerializerFactory.java,174;175;176;177;211
JacksonDatabind,23,src/main/java/com/fasterxml/jackson/databind/ser/std/NumberSerializers.java,53;119;123;158;174;184;189;199;204;221;226
JacksonDatabind,24,src/main/java/com/fasterxml/jackson/databind/cfg/BaseSettings.java,234;235;237
JacksonDatabind,25,src/main/java/com/fasterxml/jackson/databind/deser/BasicDeserializerFactory.java,1757;1760
JacksonDatabind,25,src/main/java/com/fasterxml/jackson/databind/deser/DeserializerCache.java,477
JacksonDatabind,25,src/main/java/com/fasterxml/jackson/databind/jsontype/impl/TypeDeserializerBase.java,177
JacksonDatabind,25,src/main/java/com/fasterxml/jackson/databind/module/SimpleAbstractTypeResolver.java,80
JacksonDatabind,26,src/main/java/com/fasterxml/jackson/databind/ser/BeanPropertyWriter.java,39;41
JacksonDatabind,27,src/main/java/com/fasterxml/jackson/databind/deser/BeanDeserializer.java,790;794
JacksonDatabind,28,src/main/java/com/fasterxml/jackson/databind/deser/std/JsonNodeDeserializer.java,97;98;103;104
JacksonDatabind,29,src/main/java/com/fasterxml/jackson/databind/deser/impl/ExternalTypeHandler.java,227;248;249;253;256
JacksonDatabind,3,src/main/java/com/fasterxml/jackson/databind/deser/std/StringArrayDeserializer.java,66;95
JacksonDatabind,30,src/main/java/com/fasterxml/jackson/databind/ObjectMapper.java,2509;3425
JacksonDatabind,30,src/main/java/com/fasterxml/jackson/databind/util/TokenBuffer.java,79;187;192;958;963;972;974
JacksonDatabind,31,src/main/java/com/fasterxml/jackson/databind/util/TokenBuffer.java,672;686;731;739;744;755;760;761;765;770;775;783;792;801;806;811;829;837;853;1090;1097
JacksonDatabind,32,src/main/java/com/fasterxml/jackson/databind/deser/std/UntypedObjectDeserializer.java,220;534;536
JacksonDatabind,33,src/main/java/com/fasterxml/jackson/databind/introspect/JacksonAnnotationIntrospector.java,748
JacksonDatabind,34,src/main/java/com/fasterxml/jackson/databind/ser/std/NumberSerializer.java,76;80;81
JacksonDatabind,35,src/main/java/com/fasterxml/jackson/databind/jsontype/impl/AsWrapperTypeDeserializer.java,89;90;91;92;97
JacksonDatabind,36,src/main/java/com/fasterxml/jackson/databind/util/StdDateFormat.java,249;250;555
JacksonDatabind,37,src/main/java/com/fasterxml/jackson/databind/type/SimpleType.java,135
JacksonDatabind,38,src/main/java/com/fasterxml/jackson/databind/type/CollectionType.java,2;50
JacksonDatabind,38,src/main/java/com/fasterxml/jackson/databind/type/MapType.java,2;46;48
JacksonDatabind,38,src/main/java/com/fasterxml/jackson/databind/type/SimpleType.java,116;117;250
JacksonDatabind,39,src/main/java/com/fasterxml/jackson/databind/deser/std/NullifyingDeserializer.java,34;35
JacksonDatabind,4,src/main/java/com/fasterxml/jackson/databind/deser/std/StringArrayDeserializer.java,69;69;73;73;59;74;75;92;101;102
JacksonDatabind,40,src/main/java/com/fasterxml/jackson/databind/deser/std/NumberDeserializers.java,147;149
JacksonDatabind,41,src/main/java/com/fasterxml/jackson/databind/type/TypeFactory.java,602;610
JacksonDatabind,42,src/main/java/com/fasterxml/jackson/databind/deser/std/FromStringDeserializer.java,280;284
JacksonDatabind,43,src/main/java/com/fasterxml/jackson/databind/deser/impl/ObjectIdValueProperty.java,6;78;85;87
JacksonDatabind,44,src/main/java/com/fasterxml/jackson/databind/type/SimpleType.java,131;137;138;139;140
JacksonDatabind,45,src/main/java/com/fasterxml/jackson/databind/ser/std/DateTimeSerializerBase.java,59;58;63;59
JacksonDatabind,46,src/main/java/com/fasterxml/jackson/databind/type/ReferenceType.java,154;155;156
JacksonDatabind,47,src/main/java/com/fasterxml/jackson/databind/AnnotationIntrospector.java,815;818;819
JacksonDatabind,48,src/main/java/com/fasterxml/jackson/databind/DeserializationConfig.java,779
JacksonDatabind,48,src/main/java/com/fasterxml/jackson/databind/SerializationConfig.java,864
JacksonDatabind,49,src/main/java/com/fasterxml/jackson/databind/ser/impl/WritableObjectId.java,49;50
JacksonDatabind,5,src/main/java/com/fasterxml/jackson/databind/introspect/AnnotatedClass.java,657;658
JacksonDatabind,50,src/main/java/com/fasterxml/jackson/databind/deser/BeanDeserializer.java,8;386;428;429;432;464;478;932;933;934;935
JacksonDatabind,51,src/main/java/com/fasterxml/jackson/databind/jsontype/impl/TypeDeserializerBase.java,183;184
JacksonDatabind,52,src/main/java/com/fasterxml/jackson/databind/deser/BeanDeserializerBase.java,612
JacksonDatabind,52,src/main/java/com/fasterxml/jackson/databind/deser/impl/ExternalTypeHandler.java,309;310
JacksonDatabind,53,src/main/java/com/fasterxml/jackson/databind/type/TypeBindings.java,301;303;427;428;429
JacksonDatabind,53,src/main/java/com/fasterxml/jackson/databind/type/TypeFactory.java,391;117;384;385;386;388;392;393;394;395;396;397;398;399;400;401;402;455;457;458;1160;1161;1162;1165;1225;1226;1227
JacksonDatabind,54,src/main/java/com/fasterxml/jackson/databind/ser/PropertyBuilder.java,132;134;150
JacksonDatabind,55,src/main/java/com/fasterxml/jackson/databind/ser/std/StdKeySerializers.java,81;9;82;214;215;216;217
JacksonDatabind,56,src/main/java/com/fasterxml/jackson/databind/deser/std/FromStringDeserializer.java,231;237;291
JacksonDatabind,57,src/main/java/com/fasterxml/jackson/databind/ObjectReader.java,1441
JacksonDatabind,58,src/main/java/com/fasterxml/jackson/databind/deser/BeanDeserializerFactory.java,714;715
JacksonDatabind,59,src/main/java/com/fasterxml/jackson/databind/JavaType.java,139
JacksonDatabind,59,src/main/java/com/fasterxml/jackson/databind/type/CollectionLikeType.java,135
JacksonDatabind,59,src/main/java/com/fasterxml/jackson/databind/type/MapLikeType.java,147;148
JacksonDatabind,59,src/main/java/com/fasterxml/jackson/databind/type/TypeFactory.java,427
JacksonDatabind,6,src/main/java/com/fasterxml/jackson/databind/util/StdDateFormat.java,406;407;409;421;422
JacksonDatabind,60,src/main/java/com/fasterxml/jackson/databind/ser/std/JsonValueSerializer.java,8;16;226;362;363;364;365;366;367;368;369;370;371;372;373;374;375;376;377;378;379;380;381;382
JacksonDatabind,61,src/main/java/com/fasterxml/jackson/databind/ObjectMapper.java,231
JacksonDatabind,61,src/main/java/com/fasterxml/jackson/databind/jsontype/impl/StdTypeResolverBuilder.java,73;103
JacksonDatabind,62,src/main/java/com/fasterxml/jackson/databind/deser/std/CollectionDeserializer.java,183
JacksonDatabind,63,src/main/java/com/fasterxml/jackson/databind/JsonMappingException.java,10;130;136;138;141
JacksonDatabind,64,src/main/java/com/fasterxml/jackson/databind/ser/PropertyBuilder.java,151;157;162
JacksonDatabind,65,src/main/java/com/fasterxml/jackson/databind/deser/std/StdKeyDeserializer.java,128
JacksonDatabind,65,src/main/java/com/fasterxml/jackson/databind/introspect/BasicBeanDescription.java,525;557;558
JacksonDatabind,66,src/main/java/com/fasterxml/jackson/databind/deser/std/StdKeyDeserializer.java,10;17;313;316
JacksonDatabind,67,src/main/java/com/fasterxml/jackson/databind/deser/BasicDeserializerFactory.java,1403;1405
JacksonDatabind,68,src/main/java/com/fasterxml/jackson/databind/deser/BeanDeserializerBase.java,1192;1194;1219;1222;1225;1234;1237;1247;1249;1269;1272;1291;1294;1304;1306;1318;1321;1335;1336;1337;1338;1339;1340;1341;1342;1343;1344;1345;1347;1348;1350;1355;1356;1357;1358;1398
JacksonDatabind,69,src/main/java/com/fasterxml/jackson/databind/deser/impl/CreatorCollector.java,309;165;166;168;169;176;194;195;299;310;332;340
JacksonDatabind,7,src/main/java/com/fasterxml/jackson/databind/util/TokenBuffer.java,404;405;409;410
JacksonDatabind,70,src/main/java/com/fasterxml/jackson/databind/deser/impl/BeanPropertyMap.java,440
JacksonDatabind,71,src/main/java/com/fasterxml/jackson/databind/deser/std/StdKeyDeserializer.java,75
JacksonDatabind,72,src/main/java/com/fasterxml/jackson/databind/deser/impl/InnerClassProperty.java,92;167
JacksonDatabind,73,src/main/java/com/fasterxml/jackson/databind/introspect/POJOPropertiesCollector.java,6;731
JacksonDatabind,73,src/main/java/com/fasterxml/jackson/databind/introspect/POJOPropertyBuilder.java,644;682
JacksonDatabind,74,src/main/java/com/fasterxml/jackson/databind/jsontype/impl/AsPropertyTypeDeserializer.java,149;154;155
JacksonDatabind,75,src/main/java/com/fasterxml/jackson/databind/ser/std/EnumSerializer.java,86;104;217;221;225
JacksonDatabind,76,src/main/java/com/fasterxml/jackson/databind/deser/BuilderBasedDeserializer.java,583;584;585;586;587;588;589;590;591;592;593;594;595;596;597;598;599;600;601;602;603
JacksonDatabind,77,src/main/java/com/fasterxml/jackson/databind/deser/BeanDeserializerFactory.java,142;841;843;844
JacksonDatabind,78,src/main/java/com/fasterxml/jackson/databind/deser/BeanDeserializerFactory.java,47;49;55;155;877;879;880
JacksonDatabind,79,src/main/java/com/fasterxml/jackson/databind/introspect/JacksonAnnotationIntrospector.java,579;580;582
JacksonDatabind,79,src/main/java/com/fasterxml/jackson/databind/introspect/ObjectIdInfo.java,24;62
JacksonDatabind,79,src/main/java/com/fasterxml/jackson/databind/ser/std/BeanSerializerBase.java,432;433;434
JacksonDatabind,8,src/main/java/com/fasterxml/jackson/databind/deser/impl/CreatorCollector.java,282;284;289;290;294;295;296;297;298;299;300
JacksonDatabind,80,src/main/java/com/fasterxml/jackson/databind/jsontype/impl/StdSubtypeResolver.java,78;85;144;150
JacksonDatabind,81,src/main/java/com/fasterxml/jackson/databind/introspect/JacksonAnnotationIntrospector.java,762;763;764;796;797;830;831;1119;1135;1151;1456;1457
JacksonDatabind,82,src/main/java/com/fasterxml/jackson/databind/deser/BeanDeserializerFactory.java,495;496;498
JacksonDatabind,83,src/main/java/com/fasterxml/jackson/databind/deser/std/FromStringDeserializer.java,119;121;126;127;128
JacksonDatabind,84,src/main/java/com/fasterxml/jackson/databind/type/ResolvedRecursiveType.java,28
JacksonDatabind,85,src/main/java/com/fasterxml/jackson/databind/ser/std/DateTimeSerializerBase.java,67;68;69;70;71;72;76;77;78;79;84;85;86;87;91;92;94
JacksonDatabind,86,src/main/java/com/fasterxml/jackson/databind/type/ResolvedRecursiveType.java,17;23;26;27;28
JacksonDatabind,87,src/main/java/com/fasterxml/jackson/databind/util/StdDateFormat.java,46;64;83;101;131;514;517;525;527;528;529;530;535;536;596
JacksonDatabind,88,src/main/java/com/fasterxml/jackson/databind/jsontype/impl/ClassNameIdResolver.java,57;58;59
JacksonDatabind,89,src/main/java/com/fasterxml/jackson/databind/deser/BeanDeserializerFactory.java,64;65
JacksonDatabind,9,src/main/java/com/fasterxml/jackson/databind/ser/std/StdKeySerializer.java,26;28;30;32;35
JacksonDatabind,90,src/main/java/com/fasterxml/jackson/databind/deser/ValueInstantiator.java,72
JacksonDatabind,90,src/main/java/com/fasterxml/jackson/databind/deser/std/StdValueInstantiator.java,231
JacksonDatabind,91,src/main/java/com/fasterxml/jackson/databind/deser/DeserializerCache.java,541;542
JacksonDatabind,92,src/main/java/com/fasterxml/jackson/databind/deser/BeanDeserializerFactory.java,63;64
JacksonDatabind,93,src/main/java/com/fasterxml/jackson/databind/jsontype/impl/SubTypeValidator.java,83;84
JacksonDatabind,94,src/main/java/com/fasterxml/jackson/databind/jsontype/impl/SubTypeValidator.java,22;97;103
JacksonDatabind,95,src/main/java/com/fasterxml/jackson/databind/type/TypeFactory.java,355;366;896
JacksonDatabind,95,src/main/java/com/fasterxml/jackson/databind/type/TypeParser.java,59
JacksonDatabind,96,src/main/java/com/fasterxml/jackson/databind/deser/BasicDeserializerFactory.java,735;736
JacksonDatabind,97,src/main/java/com/fasterxml/jackson/databind/node/POJONode.java,107;109;114;116
JacksonDatabind,98,src/main/java/com/fasterxml/jackson/databind/deser/impl/ExternalTypeHandler.java,298
JacksonDatabind,99,src/main/java/com/fasterxml/jackson/databind/type/ReferenceType.java,167;168
JacksonXml,1,src/main/java/com/fasterxml/jackson/dataformat/xml/deser/FromXmlParser.java,511;513;550;551;552;553
JacksonXml,2,src/main/java/com/fasterxml/jackson/dataformat/xml/deser/XmlTokenStream.java,61;323;325;326;329;332;338;339;505
JacksonXml,3,src/main/java/com/fasterxml/jackson/dataformat/xml/deser/FromXmlParser.java,669;671
JacksonXml,4,src/main/java/com/fasterxml/jackson/dataformat/xml/ser/XmlSerializerProvider.java,203;205
JacksonXml,5,src/main/java/com/fasterxml/jackson/dataformat/xml/ser/XmlSerializerProvider.java,59
JacksonXml,6,src/main/java/com/fasterxml/jackson/dataformat/xml/ser/ToXmlGenerator.java,842;843;844;845;846;847;848;850;865;866
Jsoup,1,src/main/java/org/jsoup/nodes/Document.java,125;126
Jsoup,10,src/main/java/org/jsoup/nodes/Node.java,172;173
Jsoup,11,src/main/java/org/jsoup/select/Selector.java,109;177;179;180;304;305;398
Jsoup,12,src/main/java/org/jsoup/select/Selector.java,139;155
Jsoup,13,src/main/java/org/jsoup/nodes/Node.java,106;107
Jsoup,14,src/main/java/org/jsoup/parser/Tokeniser.java,190;194
Jsoup,14,src/main/java/org/jsoup/parser/TokeniserState.java,216;217;219
Jsoup,15,src/main/java/org/jsoup/parser/TreeBuilderState.java,283
Jsoup,16,src/main/java/org/jsoup/nodes/DocumentType.java,3;20;33;37
Jsoup,17,src/main/java/org/jsoup/parser/TreeBuilderState.java,1451
Jsoup,18,src/main/java/org/jsoup/parser/CharacterReader.java,17;99;100;101
Jsoup,19,src/main/java/org/jsoup/safety/Whitelist.java,341;343
Jsoup,2,src/main/java/org/jsoup/parser/Parser.java,146;147
Jsoup,20,src/main/java/org/jsoup/helper/DataUtil.java,97
Jsoup,21,src/main/java/org/jsoup/select/CombiningEvaluator.java,63
Jsoup,21,src/main/java/org/jsoup/select/QueryParser.java,58;59;60;61;62;63;64;65;66;100
Jsoup,22,src/main/java/org/jsoup/nodes/Element.java,433;435;446;461
Jsoup,22,src/main/java/org/jsoup/nodes/Node.java,443;445;469;471
Jsoup,22,src/main/java/org/jsoup/select/Elements.java,21
Jsoup,23,src/main/java/org/jsoup/parser/CharacterReader.java,117;118
Jsoup,23,src/main/java/org/jsoup/parser/Tokeniser.java,135
Jsoup,24,src/main/java/org/jsoup/parser/TokeniserState.java,557;558;559
Jsoup,25,src/main/java/org/jsoup/parser/Tag.java,218;220;226
Jsoup,26,src/main/java/org/jsoup/safety/Cleaner.java,42;43
Jsoup,27,src/main/java/org/jsoup/helper/DataUtil.java,129;131;133;135
Jsoup,28,src/main/java/org/jsoup/nodes/Entities.java,2;60;103;104;105;106;107;108;109;110;111;112;113;114;115;116;117;118;119;120;121;122;123;124;125;126;127;128;129
Jsoup,28,src/main/java/org/jsoup/parser/Parser.java,132
Jsoup,28,src/main/java/org/jsoup/parser/Tokeniser.java,136;139;140;141;142;143;144;145;146;147;152;237
Jsoup,29,src/main/java/org/jsoup/nodes/Document.java,2;69
Jsoup,3,src/main/java/org/jsoup/nodes/Element.java,270;287;314
Jsoup,3,src/main/java/org/jsoup/parser/Parser.java,25;72;224;252;258
Jsoup,3,src/main/java/org/jsoup/parser/Tag.java,27;98;154;156;157;224;225;288;289;295;300;301;307;308;309;310;311;312;313;314;315;378
Jsoup,30,src/main/java/org/jsoup/safety/Cleaner.java,5;70;71;72;74;84;85;87;92;95;96;97
Jsoup,31,src/main/java/org/jsoup/parser/Token.java,170
Jsoup,31,src/main/java/org/jsoup/parser/TokeniserState.java,1093
Jsoup,31,src/main/java/org/jsoup/parser/XmlTreeBuilder.java,66
Jsoup,32,src/main/java/org/jsoup/nodes/Element.java,1138
Jsoup,33,src/main/java/org/jsoup/parser/HtmlTreeBuilder.java,162;161;163
Jsoup,34,src/main/java/org/jsoup/parser/CharacterReader.java,87;90;91;92;90
Jsoup,35,src/main/java/org/jsoup/parser/HtmlTreeBuilderState.java,725;726;728;731
Jsoup,36,src/main/java/org/jsoup/helper/DataUtil.java,9;19;85;86;91;158;160;163;164
Jsoup,37,src/main/java/org/jsoup/nodes/Element.java,1099;1100;1101
Jsoup,38,src/main/java/org/jsoup/parser/HtmlTreeBuilderState.java,454;455;456
Jsoup,39,src/main/java/org/jsoup/helper/DataUtil.java,115;116;117;118
Jsoup,4,src/main/java/org/jsoup/nodes/Entities.java,64;2235;2240
Jsoup,40,src/main/java/org/jsoup/nodes/DocumentType.java,20;22
Jsoup,41,src/main/java/org/jsoup/nodes/Element.java,1171;1173;1175
Jsoup,42,src/main/java/org/jsoup/nodes/FormElement.java,78;79;99
Jsoup,43,src/main/java/org/jsoup/nodes/Element.java,574
Jsoup,44,src/main/java/org/jsoup/parser/TreeBuilder.java,60;64;70
Jsoup,45,src/main/java/org/jsoup/parser/HtmlTreeBuilder.java,392;394
Jsoup,46,src/main/java/org/jsoup/nodes/Entities.java,118
Jsoup,47,src/main/java/org/jsoup/nodes/Entities.java,122
Jsoup,48,src/main/java/org/jsoup/helper/HttpConnection.java,773;774
Jsoup,49,src/main/java/org/jsoup/nodes/Node.java,442;444;446
Jsoup,5,src/main/java/org/jsoup/parser/Parser.java,206;208
Jsoup,50,src/main/java/org/jsoup/helper/DataUtil.java,92;125;126;127;128;129;130;131
Jsoup,51,src/main/java/org/jsoup/parser/CharacterReader.java,300
Jsoup,52,src/main/java/org/jsoup/helper/DataUtil.java,112;113;115;116;117;118
Jsoup,52,src/main/java/org/jsoup/nodes/XmlDeclaration.java,46;47;48;49;50;51;52;53;54;55;56;57;58;59;60;61;68
Jsoup,52,src/main/java/org/jsoup/parser/XmlTreeBuilder.java,2;76;77
Jsoup,53,src/main/java/org/jsoup/parser/TokenQueue.java,264;268;267;269
Jsoup,54,src/main/java/org/jsoup/helper/W3CDom.java,125
Jsoup,55,src/main/java/org/jsoup/parser/TokeniserState.java,882;883;885
Jsoup,56,src/main/java/org/jsoup/nodes/DocumentType.java,14;30;40;41;57;59
Jsoup,56,src/main/java/org/jsoup/parser/HtmlTreeBuilderState.java,23
Jsoup,56,src/main/java/org/jsoup/parser/Token.java,34;45;55
Jsoup,56,src/main/java/org/jsoup/parser/TokeniserState.java,1194;1196
Jsoup,56,src/main/java/org/jsoup/parser/XmlTreeBuilder.java,100
Jsoup,57,src/main/java/org/jsoup/nodes/Attributes.java,125
Jsoup,58,src/main/java/org/jsoup/Jsoup.java,250
Jsoup,58,src/main/java/org/jsoup/parser/Parser.java,128
Jsoup,58,src/main/java/org/jsoup/safety/Cleaner.java,16;78;80
Jsoup,59,src/main/java/org/jsoup/parser/Token.java,106;111;114;115
Jsoup,6,src/main/java/org/jsoup/nodes/Entities.java,68;70;72
Jsoup,60,src/main/java/org/jsoup/parser/TokenQueue.java,285;287;288
Jsoup,60,src/main/java/org/jsoup/select/QueryParser.java,37;39
Jsoup,61,src/main/java/org/jsoup/nodes/Element.java,1092
Jsoup,62,src/main/java/org/jsoup/parser/HtmlTreeBuilderState.java,764;766;769
Jsoup,63,src/main/java/org/jsoup/parser/HtmlTreeBuilder.java,226;226;226;227;229;231;232
Jsoup,63,src/main/java/org/jsoup/parser/Tokeniser.java,36;44;45;46;47;76;77;124;125;126
Jsoup,64,src/main/java/org/jsoup/parser/HtmlTreeBuilderState.java,1489;1492;1493
Jsoup,65,src/main/java/org/jsoup/parser/HtmlTreeBuilder.java,360;364
Jsoup,65,src/main/java/org/jsoup/parser/HtmlTreeBuilderState.java,1036;1096
Jsoup,66,src/main/java/org/jsoup/nodes/Element.java,89;1402;1408;1409;1410;1414
Jsoup,67,src/main/java/org/jsoup/parser/HtmlTreeBuilder.java,41;466;467
Jsoup,68,src/main/java/org/jsoup/parser/HtmlTreeBuilder.java,468;469;470;471
Jsoup,69,src/main/java/org/jsoup/nodes/FormElement.java,48
Jsoup,7,src/main/java/org/jsoup/nodes/Document.java,4;112;136;137
Jsoup,70,src/main/java/org/jsoup/nodes/Element.java,1087;1090;1093;1094
Jsoup,71,src/main/java/org/jsoup/nodes/PseudoTextElement.java,
Jsoup,71,src/main/java/org/jsoup/select/Evaluator.java,8;753;754;755
Jsoup,71,src/main/java/org/jsoup/select/QueryParser.java,195;197;199;201;202;204
Jsoup,72,src/main/java/org/jsoup/parser/CharacterReader.java,426
Jsoup,73,src/main/java/org/jsoup/helper/W3CDom.java,21;73;77;80;85;115;144
Jsoup,74,src/main/java/org/jsoup/helper/StringUtil.java,130;131;165
Jsoup,75,src/main/java/org/jsoup/nodes/Attributes.java,310;312;319;320
Jsoup,76,src/main/java/org/jsoup/parser/HtmlTreeBuilderState.java,381;382
Jsoup,77,src/main/java/org/jsoup/parser/XmlTreeBuilder.java,117;118;120;123;128
Jsoup,78,src/main/java/org/jsoup/helper/DataUtil.java,2;150;151;152
Jsoup,79,src/main/java/org/jsoup/nodes/LeafNode.java,4;7;94
Jsoup,8,src/main/java/org/jsoup/nodes/Node.java,363;366
Jsoup,80,src/main/java/org/jsoup/parser/XmlTreeBuilder.java,90;93
Jsoup,81,src/main/java/org/jsoup/helper/DataUtil.java,4;134;135;136;137
Jsoup,82,src/main/java/org/jsoup/helper/DataUtil.java,170;171
Jsoup,83,src/main/java/org/jsoup/parser/CharacterReader.java,254
Jsoup,83,src/main/java/org/jsoup/parser/TokeniserState.java,160;563;581
Jsoup,84,src/main/java/org/jsoup/helper/W3CDom.java,91;93
Jsoup,85,src/main/java/org/jsoup/nodes/Attribute.java,44;45;46;48
Jsoup,86,src/main/java/org/jsoup/nodes/Comment.java,77;78
Jsoup,87,src/main/java/org/jsoup/nodes/Element.java,139
Jsoup,87,src/main/java/org/jsoup/parser/HtmlTreeBuilder.java,315;337;347;355;378;420;476;517;569;570;581;618;649;689
Jsoup,87,src/main/java/org/jsoup/parser/HtmlTreeBuilderState.java,315;319;339;353;372;398;399;402;531;538;574;598;633;662;675;699;711;721;731;745;768;772;774;887;897;926;954;1007;1018;1089;1173;1240;1244;1246;1269;1271;1277;1296;1383;1388;1393
Jsoup,87,src/main/java/org/jsoup/parser/Tag.java,3;16;27;42
Jsoup,88,src/main/java/org/jsoup/nodes/Attribute.java,80
Jsoup,89,src/main/java/org/jsoup/nodes/Attribute.java,88;89
Jsoup,9,src/main/java/org/jsoup/nodes/Entities.java,38
Jsoup,90,src/main/java/org/jsoup/helper/HttpConnection.java,423
Jsoup,91,src/main/java/org/jsoup/UncheckedIOException.java,9
Jsoup,91,src/main/java/org/jsoup/parser/CharacterReader.java,36;451;456;457;458
Jsoup,92,src/main/java/org/jsoup/nodes/Attributes.java,5;118;122;238;396
Jsoup,92,src/main/java/org/jsoup/parser/HtmlTreeBuilder.java,198
Jsoup,92,src/main/java/org/jsoup/parser/ParseSettings.java,37
Jsoup,92,src/main/java/org/jsoup/parser/Token.java,116
Jsoup,92,src/main/java/org/jsoup/parser/XmlTreeBuilder.java,77
Jsoup,93,src/main/java/org/jsoup/nodes/FormElement.java,88
JxPath,1,src/java/org/apache/commons/jxpath/ri/model/dom/DOMNodePointer.java,116
JxPath,1,src/java/org/apache/commons/jxpath/ri/model/jdom/JDOMNodePointer.java,376
JxPath,10,src/java/org/apache/commons/jxpath/ri/compiler/CoreOperationRelationalExpression.java,42
JxPath,11,src/java/org/apache/commons/jxpath/ri/model/dom/DOMAttributeIterator.java,21;111
JxPath,11,src/java/org/apache/commons/jxpath/ri/model/jdom/JDOMAttributeIterator.java,22;51;52;55;56;57;114
JxPath,12,src/java/org/apache/commons/jxpath/ri/model/dom/DOMNodePointer.java,107;108
JxPath,13,src/java/org/apache/commons/jxpath/ri/NamespaceResolver.java,46;107;115;117;118;119;120;121;122;123;131;138;141;142;143;144;145;146;147;148;149;150;151;159;160;161;162;200
JxPath,13,src/java/org/apache/commons/jxpath/ri/model/dom/DOMNodePointer.java,28;60;188;415
JxPath,14,src/java/org/apache/commons/jxpath/ri/compiler/CoreFunction.java,655;656;661;667
JxPath,15,src/java/org/apache/commons/jxpath/ri/axes/UnionContext.java,19;21;49;52;56;61;63;65
JxPath,16,src/java/org/apache/commons/jxpath/ri/model/dom/DOMNodePointer.java,147;148
JxPath,16,src/java/org/apache/commons/jxpath/ri/model/jdom/JDOMNodePointer.java,391
JxPath,17,src/java/org/apache/commons/jxpath/ri/model/dom/DOMAttributeIterator.java,84;87;88;89;91;92;93;94;95;155
JxPath,17,src/java/org/apache/commons/jxpath/ri/model/jdom/JDOMAttributeIterator.java,70;74;82;117
JxPath,18,src/java/org/apache/commons/jxpath/ri/axes/AttributeContext.java,18;22;32;75;76;78;79;80;91
JxPath,19,src/java/org/apache/commons/jxpath/ri/model/dom/DOMNodePointer.java,560;561;562;564;570
JxPath,19,src/java/org/apache/commons/jxpath/ri/model/jdom/JDOMNodePointer.java,693;694;696;697;698;708
JxPath,2,src/java/org/apache/commons/jxpath/ri/compiler/Expression.java,18;76;87;145
JxPath,20,src/java/org/apache/commons/jxpath/ri/compiler/CoreOperationRelationalExpression.java,88;137;95
JxPath,21,src/java/org/apache/commons/jxpath/ri/model/beans/PropertyPointer.java,152
JxPath,22,src/java/org/apache/commons/jxpath/ri/model/dom/DOMNodePointer.java,694;696;689;690
JxPath,3,src/java/org/apache/commons/jxpath/ri/model/beans/NullPropertyPointer.java,18;108;137;224
JxPath,4,src/java/org/apache/commons/jxpath/ri/model/dom/DOMNodePointer.java,296;297;301;310;631;638;639;640;643;647;653;654;655;656;658;660
JxPath,4,src/java/org/apache/commons/jxpath/ri/model/jdom/JDOMNodePointer.java,240;248;250;251;252;253;256;257;258;259;260;262;436;440;441;756
JxPath,5,src/java/org/apache/commons/jxpath/ri/model/NodePointer.java,665;666;667
JxPath,6,src/java/org/apache/commons/jxpath/ri/compiler/CoreOperationCompare.java,57;58;61
JxPath,7,src/java/org/apache/commons/jxpath/ri/compiler/CoreOperationGreaterThan.java,19;20;33;34;35;36
JxPath,7,src/java/org/apache/commons/jxpath/ri/compiler/CoreOperationGreaterThanOrEqual.java,19;20;34;35;36;37
JxPath,7,src/java/org/apache/commons/jxpath/ri/compiler/CoreOperationLessThan.java,19;20;33;34;35;36
JxPath,7,src/java/org/apache/commons/jxpath/ri/compiler/CoreOperationLessThanOrEqual.java,19;20;34;35;36;37
JxPath,7,src/java/org/apache/commons/jxpath/ri/compiler/CoreOperationRelationalExpression.java,18;30;36
JxPath,8,src/java/org/apache/commons/jxpath/ri/compiler/CoreOperationRelationalExpression.java,72;75;76
JxPath,9,src/java/org/apache/commons/jxpath/ri/compiler/CoreOperationCompare.java,36;38;39;121;122;123;124;125;134;135;136;138;139;141;142;143;145;146;148
JxPath,9,src/java/org/apache/commons/jxpath/ri/compiler/CoreOperationEqual.java,19;32;33;34
JxPath,9,src/java/org/apache/commons/jxpath/ri/compiler/CoreOperationNotEqual.java,19;29;32;33;34
Lang,1,src/main/java/org/apache/commons/lang3/math/NumberUtils.java,466;468;471
Lang,10,src/main/java/org/apache/commons/lang3/time/FastDateParser.java,304;307;308;309;310;311;312;313;314
Lang,11,src/main/java/org/apache/commons/lang3/RandomStringUtils.java,242;247
Lang,12,src/main/java/org/apache/commons/lang3/RandomStringUtils.java,228;229;231;237
Lang,13,src/main/java/org/apache/commons/lang3/SerializationUtils.java,238;251;267;268
Lang,14,src/main/java/org/apache/commons/lang3/StringUtils.java,787;788
Lang,15,src/main/java/org/apache/commons/lang3/reflect/TypeUtils.java,215;219;220;221;675
Lang,16,src/main/java/org/apache/commons/lang3/math/NumberUtils.java,458;459
Lang,17,src/main/java/org/apache/commons/lang3/text/translate/CharSequenceTranslator.java,83;84;88;90;94;96;97;98;99;100;102
Lang,18,src/main/java/org/apache/commons/lang3/time/FastDateFormat.java,492;493;494;495;496;497;498
Lang,19,src/main/java/org/apache/commons/lang3/text/translate/NumericEntityUnescaper.java,40;42;49;54;78;80
Lang,2,src/main/java/org/apache/commons/lang3/LocaleUtils.java,91
Lang,20,src/main/java/org/apache/commons/lang3/StringUtils.java,3298;3383
Lang,21,src/main/java/org/apache/commons/lang3/time/DateUtils.java,263;264;265
Lang,22,src/main/java/org/apache/commons/lang3/math/Fraction.java,582;584;585
Lang,23,src/main/java/org/apache/commons/lang3/text/ExtendedMessageFormat.java,72;262;268
Lang,24,src/main/java/org/apache/commons/lang3/math/NumberUtils.java,1410;1411;1413
Lang,25,src/main/java/org/apache/commons/lang3/text/translate/EntityArrays.java,74;75;76;77;78;79;80;81;82;83;84;85;86;87;88;89;90;91;92;93;94;95;96;97;98;99;100
Lang,26,src/main/java/org/apache/commons/lang3/time/FastDateFormat.java,820
Lang,27,src/main/java/org/apache/commons/lang3/math/NumberUtils.java,478;479;488;480
Lang,28,src/main/java/org/apache/commons/lang3/text/translate/NumericEntityUnescaper.java,61;62;63;64
Lang,29,src/main/java/org/apache/commons/lang3/SystemUtils.java,1672
Lang,3,src/main/java/org/apache/commons/lang3/math/NumberUtils.java,592;596;600;604
Lang,30,src/main/java/org/apache/commons/lang3/StringUtils.java,1375;1376;1380;1381;1382;1443;1454;1455;1457;1497;1532;1533;1538;1539;1576;1577;1677;1678;1682;1683;1685
Lang,31,src/main/java/org/apache/commons/lang3/StringUtils.java,1445;1448;1449;1450;1452
Lang,32,src/main/java/org/apache/commons/lang3/builder/HashCodeBuilder.java,104;105;106;107;108;109;152;521;538
Lang,33,src/main/java/org/apache/commons/lang3/ClassUtils.java,910
Lang,34,src/main/java/org/apache/commons/lang3/builder/ToStringStyle.java,148;164
Lang,35,src/main/java/org/apache/commons/lang3/ArrayUtils.java,3295;3574;3576;3577
Lang,36,src/java/org/apache/commons/lang3/math/NumberUtils.java,491;1386
Lang,37,src/java/org/apache/commons/lang3/ArrayUtils.java,2959;2961;2962;2963
Lang,38,src/java/org/apache/commons/lang3/time/FastDateFormat.java,871;875
Lang,39,src/java/org/apache/commons/lang3/StringUtils.java,3675;3676
Lang,4,src/main/java/org/apache/commons/lang3/text/translate/LookupTranslator.java,31;46;51;77
Lang,40,src/java/org/apache/commons/lang/StringUtils.java,1048
Lang,41,src/java/org/apache/commons/lang/ClassUtils.java,190;192;193;194;203;244;245;249;250
Lang,42,src/java/org/apache/commons/lang/Entities.java,827;828;831;833
Lang,43,src/java/org/apache/commons/lang/text/ExtendedMessageFormat.java,421
Lang,44,src/java/org/apache/commons/lang/NumberUtils.java,143;144
Lang,45,src/java/org/apache/commons/lang/WordUtils.java,615;618;623
Lang,46,src/java/org/apache/commons/lang/StringEscapeUtils.java,86;102;127;143;154;160;178;243;244
Lang,47,src/java/org/apache/commons/lang/text/StrBuilder.java,1185;1227;1228;1229
Lang,48,src/java/org/apache/commons/lang/builder/EqualsBuilder.java,378;379;381
Lang,49,src/java/org/apache/commons/lang/math/Fraction.java,465
Lang,5,src/main/java/org/apache/commons/lang3/LocaleUtils.java,96;127
Lang,50,src/java/org/apache/commons/lang/time/FastDateFormat.java,285;286;288;292;293;294;465;466;467;471;472;473;475
Lang,51,src/java/org/apache/commons/lang/BooleanUtils.java,681
Lang,52,src/java/org/apache/commons/lang/StringEscapeUtils.java,234;233;235
Lang,53,src/java/org/apache/commons/lang/time/DateUtils.java,642;645;650;651;654
Lang,54,src/java/org/apache/commons/lang/LocaleUtils.java,107;109;113;115
Lang,55,src/java/org/apache/commons/lang/time/StopWatch.java,117;118
Lang,56,src/java/org/apache/commons/lang/time/FastDateFormat.java,140;144;1017;1021
Lang,57,src/java/org/apache/commons/lang/LocaleUtils.java,223
Lang,58,src/java/org/apache/commons/lang/math/NumberUtils.java,454;455;456
Lang,59,src/java/org/apache/commons/lang/text/StrBuilder.java,883;884
Lang,6,src/main/java/org/apache/commons/lang3/text/translate/CharSequenceTranslator.java,94;95
Lang,60,src/java/org/apache/commons/lang/text/StrBuilder.java,1673;1730
Lang,61,src/java/org/apache/commons/lang/text/StrBuilder.java,1772;1776;1778;1780
Lang,62,src/java/org/apache/commons/lang/Entities.java,845;848;849;918;919;924;925
Lang,63,src/java/org/apache/commons/lang/time/DurationFormatUtils.java,306;312;318;319;320;321;322;323;324;431;432;433;434;435;436;437;438;439;440;441;442
Lang,64,src/java/org/apache/commons/lang/enums/ValuedEnum.java,182;183;191;192;193;194
Lang,65,src/java/org/apache/commons/lang/time/DateUtils.java,620;623;630;632;634;636;638;708;709
Lang,7,src/main/java/org/apache/commons/lang3/math/NumberUtils.java,452;453;454;719;720;724
Lang,8,src/main/java/org/apache/commons/lang3/time/FastDatePrinter.java,1098;1112;1133
Lang,9,src/main/java/org/apache/commons/lang3/time/FastDateParser.java,142;143;148
Math,1,src/main/java/org/apache/commons/math3/fraction/BigFraction.java,303
Math,1,src/main/java/org/apache/commons/math3/fraction/Fraction.java,214;215
Math,10,src/main/java/org/apache/commons/math3/analysis/differentiation/DSCompiler.java,1404;1409
Math,100,src/java/org/apache/commons/math/estimation/AbstractEstimator.java,166;202;207
Math,101,src/java/org/apache/commons/math/complex/ComplexFormat.java,377
Math,102,src/java/org/apache/commons/math/stat/inference/ChiSquareTestImpl.java,70;73;76;78
Math,103,src/java/org/apache/commons/math/distribution/NormalDistributionImpl.java,108;109;110
Math,104,src/java/org/apache/commons/math/special/Gamma.java,37
Math,105,src/java/org/apache/commons/math/stat/regression/SimpleRegression.java,264
Math,106,src/java/org/apache/commons/math/fraction/ProperFractionFormat.java,164;165;169;199;200
Math,11,src/main/java/org/apache/commons/math3/distribution/MultivariateNormalDistribution.java,179;180;183
Math,12,src/main/java/org/apache/commons/math3/random/BitsStreamGenerator.java,18;29;30
Math,13,src/main/java/org/apache/commons/math3/optimization/general/AbstractLeastSquaresOptimizer.java,561;563
Math,14,src/main/java/org/apache/commons/math3/optim/nonlinear/vector/jacobian/AbstractLeastSquaresOptimizer.java,266;268
Math,14,src/main/java/org/apache/commons/math3/optim/nonlinear/vector/Weight.java,41;42;43;44;45;46
Math,15,src/main/java/org/apache/commons/math3/util/FastMath.java,312;1541
Math,16,src/main/java/org/apache/commons/math3/util/FastMath.java,81;393;394;395;397;398;399;454;455;458;459;460
Math,17,src/main/java/org/apache/commons/math3/dfp/Dfp.java,1602;1603
Math,18,src/main/java/org/apache/commons/math3/optimization/direct/CMAESOptimizer.java,932;958;960;989;992;995
Math,19,src/main/java/org/apache/commons/math3/optimization/direct/CMAESOptimizer.java,539
Math,2,src/main/java/org/apache/commons/math3/distribution/HypergeometricDistribution.java,268
Math,20,src/main/java/org/apache/commons/math3/optimization/direct/CMAESOptimizer.java,921
Math,21,src/main/java/org/apache/commons/math3/linear/RectangularCholeskyDecomposition.java,69;79;82;83;84;90;91;92;93;122;123;128
Math,22,src/main/java/org/apache/commons/math3/distribution/FDistribution.java,275
Math,22,src/main/java/org/apache/commons/math3/distribution/UniformRealDistribution.java,184
Math,23,src/main/java/org/apache/commons/math3/optimization/univariate/BrentOptimizer.java,150;233;237;274;276
Math,24,src/main/java/org/apache/commons/math3/optimization/univariate/BrentOptimizer.java,266;229;230;267
Math,25,src/main/java/org/apache/commons/math3/optimization/fitting/HarmonicFitter.java,321;322;324
Math,26,src/main/java/org/apache/commons/math3/fraction/Fraction.java,181;206;209
Math,27,src/main/java/org/apache/commons/math3/fraction/Fraction.java,597
Math,28,src/main/java/org/apache/commons/math3/optimization/linear/SimplexSolver.java,119;121;127;137;151
Math,29,src/main/java/org/apache/commons/math3/linear/OpenMapRealVector.java,349;350;351;352;373
Math,3,src/main/java/org/apache/commons/math3/util/MathArrays.java,818;820;821
Math,30,src/main/java/org/apache/commons/math3/stat/inference/MannWhitneyUTest.java,173;176;177;179;181
Math,31,src/main/java/org/apache/commons/math3/util/ContinuedFraction.java,134;135;143;144;145;146;147;148;149;150;151;152;153;154;155;156;157;158;159;160;161;162;163;164;165;166;169;170;185;186;187;188;189
Math,32,src/main/java/org/apache/commons/math3/geometry/euclidean/twod/PolygonsSet.java,135
Math,33,src/main/java/org/apache/commons/math3/optimization/linear/SimplexTableau.java,337;338
Math,34,src/main/java/org/apache/commons/math3/genetics/ListPopulation.java,209
Math,35,src/main/java/org/apache/commons/math3/genetics/ElitisticListPopulation.java,51;65
Math,36,src/main/java/org/apache/commons/math/fraction/BigFraction.java,685;687;732;734
Math,37,src/main/java/org/apache/commons/math/complex/Complex.java,1017;1018;1020;1063;1064
Math,38,src/main/java/org/apache/commons/math/optimization/direct/BOBYQAOptimizer.java,1660;1662;1663;1752
Math,39,src/main/java/org/apache/commons/math/ode/nonstiff/EmbeddedRungeKuttaIntegrator.java,249;252
Math,4,src/main/java/org/apache/commons/math3/geometry/euclidean/threed/SubLine.java,113
Math,4,src/main/java/org/apache/commons/math3/geometry/euclidean/twod/SubLine.java,117
Math,40,src/main/java/org/apache/commons/math/analysis/solvers/BracketingNthOrderBrentSolver.java,235;236;238
Math,41,src/main/java/org/apache/commons/math/stat/descriptive/moment/Variance.java,520
Math,42,src/main/java/org/apache/commons/math/optimization/linear/SimplexTableau.java,409;413
Math,43,src/main/java/org/apache/commons/math/stat/descriptive/SummaryStatistics.java,158;161;164;168
Math,44,src/main/java/org/apache/commons/math/ode/AbstractIntegrator.java,276;280;284;333;342
Math,45,src/main/java/org/apache/commons/math/linear/OpenMapRealMatrix.java,49
Math,46,src/main/java/org/apache/commons/math/complex/Complex.java,260;297
Math,47,src/main/java/org/apache/commons/math/complex/Complex.java,81;104;256;257;293
Math,48,src/main/java/org/apache/commons/math/analysis/solvers/BaseSecantSolver.java,188
Math,49,src/main/java/org/apache/commons/math/linear/OpenMapRealVector.java,345;358;369;370;382;383
Math,5,src/main/java/org/apache/commons/math3/complex/Complex.java,304;305
Math,50,src/main/java/org/apache/commons/math/analysis/solvers/BaseSecantSolver.java,187;188;189;190
Math,51,src/main/java/org/apache/commons/math/analysis/solvers/BaseSecantSolver.java,184;186;188
Math,52,src/main/java/org/apache/commons/math/geometry/euclidean/threed/Rotation.java,344;353;359
Math,53,src/main/java/org/apache/commons/math/complex/Complex.java,153
Math,54,src/main/java/org/apache/commons/math/dfp/Dfp.java,272;2317;2318;2319
Math,55,src/main/java/org/apache/commons/math/geometry/Vector3D.java,458;461;469;470;473
Math,56,src/main/java/org/apache/commons/math/util/MultidimensionalCounter.java,237;238;239;240;241;242;243
Math,57,src/main/java/org/apache/commons/math/stat/clustering/KMeansPlusPlusClusterer.java,175;176
Math,58,src/main/java/org/apache/commons/math/optimization/fitting/GaussianFitter.java,120;121
Math,59,src/main/java/org/apache/commons/math/util/FastMath.java,3482
Math,6,src/main/java/org/apache/commons/math3/optim/BaseOptimizer.java,51
Math,6,src/main/java/org/apache/commons/math3/optim/nonlinear/scalar/gradient/NonLinearConjugateGradientOptimizer.java,214;217;223;277
Math,6,src/main/java/org/apache/commons/math3/optim/nonlinear/scalar/noderiv/CMAESOptimizer.java,387
Math,6,src/main/java/org/apache/commons/math3/optim/nonlinear/scalar/noderiv/PowellOptimizer.java,191;193;227
Math,6,src/main/java/org/apache/commons/math3/optim/nonlinear/scalar/noderiv/SimplexOptimizer.java,158;175
Math,6,src/main/java/org/apache/commons/math3/optim/nonlinear/vector/jacobian/GaussNewtonOptimizer.java,106;108;160
Math,6,src/main/java/org/apache/commons/math3/optim/nonlinear/vector/jacobian/LevenbergMarquardtOptimizer.java,321;322;324;325;485;489;492
Math,60,src/main/java/org/apache/commons/math/distribution/NormalDistributionImpl.java,125;126;127;129;130;131;132;133;134;135;136;137
Math,61,src/main/java/org/apache/commons/math/distribution/PoissonDistributionImpl.java,22;94
Math,62,src/main/java/org/apache/commons/math/optimization/univariate/MultiStartUnivariateRealOptimizer.java,146;160;161;162
Math,63,src/main/java/org/apache/commons/math/util/MathUtils.java,417
Math,64,src/main/java/org/apache/commons/math/optimization/general/LevenbergMarquardtOptimizer.java,257;269;278;316;323;343;346;365;420;422;423;433;442;443;444;445
Math,65,src/main/java/org/apache/commons/math/optimization/general/AbstractLeastSquaresOptimizer.java,240;241;242;243;244;245;256;258
Math,66,src/main/java/org/apache/commons/math/optimization/univariate/BrentOptimizer.java,44;46;47;57;58;59;60;62;65;66;67;94;95;119;120;126;127;200;201;238;241;243
Math,67,src/main/java/org/apache/commons/math/optimization/MultiStartUnivariateRealOptimizer.java,92;97
Math,68,src/main/java/org/apache/commons/math/optimization/general/LevenbergMarquardtOptimizer.java,165;246;247;251;303;344;412;413;418;419;420
Math,69,src/main/java/org/apache/commons/math/stat/correlation/PearsonsCorrelation.java,170;171
Math,7,src/main/java/org/apache/commons/math3/ode/AbstractIntegrator.java,346;347;357;358;359;363;370;371;372
Math,70,src/main/java/org/apache/commons/math/analysis/solvers/BisectionSolver.java,72
Math,71,src/main/java/org/apache/commons/math/ode/nonstiff/EmbeddedRungeKuttaIntegrator.java,299
Math,71,src/main/java/org/apache/commons/math/ode/nonstiff/RungeKuttaIntegrator.java,179;180
Math,72,src/main/java/org/apache/commons/math/analysis/solvers/BrentSolver.java,114;115;127
Math,73,src/main/java/org/apache/commons/math/analysis/solvers/BrentSolver.java,125
Math,74,src/main/java/org/apache/commons/math/ode/nonstiff/EmbeddedRungeKuttaIntegrator.java,245;247;248;250
Math,75,src/main/java/org/apache/commons/math/stat/Frequency.java,303
Math,76,src/main/java/org/apache/commons/math/linear/SingularValueDecompositionImpl.java,162;166;170;176;178;179;248;252;255;261;263;264
Math,77,src/main/java/org/apache/commons/math/linear/ArrayRealVector.java,721
Math,77,src/main/java/org/apache/commons/math/linear/OpenMapRealVector.java,498;499;500;501;502;503;504;505;506
Math,78,src/main/java/org/apache/commons/math/ode/events/EventState.java,188
Math,79,src/main/java/org/apache/commons/math/util/MathUtils.java,1624;1626
Math,8,src/main/java/org/apache/commons/math3/distribution/DiscreteDistribution.java,181;187
Math,80,src/main/java/org/apache/commons/math/linear/EigenDecompositionImpl.java,1135;1136;1137
Math,81,src/main/java/org/apache/commons/math/linear/EigenDecompositionImpl.java,602;603;905;906;1543;1544
Math,82,src/main/java/org/apache/commons/math/optimization/linear/SimplexSolver.java,82
Math,83,src/main/java/org/apache/commons/math/optimization/linear/SimplexTableau.java,292;341;345
Math,84,src/main/java/org/apache/commons/math/optimization/direct/MultiDirectional.java,62;63;91;93
Math,85,src/java/org/apache/commons/math/analysis/solvers/UnivariateRealSolverUtils.java,198
Math,86,src/java/org/apache/commons/math/linear/CholeskyDecompositionImpl.java,114;115;116;136
Math,87,src/java/org/apache/commons/math/optimization/linear/SimplexTableau.java,275;276;278;280
Math,88,src/java/org/apache/commons/math/optimization/linear/SimplexTableau.java,328;330;332;336;337;338;339;340;341
Math,89,src/java/org/apache/commons/math/stat/Frequency.java,109;110
Math,9,src/main/java/org/apache/commons/math3/geometry/euclidean/threed/Line.java,87;88
Math,90,src/java/org/apache/commons/math/stat/Frequency.java,109;121,123
Math,91,src/java/org/apache/commons/math/fraction/Fraction.java,259;260;261
Math,92,src/java/org/apache/commons/math/util/MathUtils.java,184;185;186;187;188;189;195;196;198;204;207;208;233;234;236;276;281
Math,93,src/java/org/apache/commons/math/util/MathUtils.java,345;346;376;395
Math,94,src/java/org/apache/commons/math/util/MathUtils.java,411;412
Math,95,src/java/org/apache/commons/math/distribution/FDistributionImpl.java,144;145;147;148
Math,96,src/java/org/apache/commons/math/complex/Complex.java,258
Math,97,src/java/org/apache/commons/math/analysis/BrentSolver.java,138;139;141;145;147;148
Math,98,src/java/org/apache/commons/math/linear/BigMatrixImpl.java,986;991
Math,98,src/java/org/apache/commons/math/linear/RealMatrixImpl.java,777;779;780
Math,99,src/java/org/apache/commons/math/util/MathUtils.java,542;713
Mockito,1,src/org/mockito/internal/invocation/InvocationMatcher.java,123
Mockito,10,src/org/mockito/internal/stubbing/defaultanswers/ReturnsDeepStubs.java,16;71;87;90;94;99;102
Mockito,11,src/org/mockito/internal/creation/DelegatingMethod.java,54;55;60
Mockito,12,src/org/mockito/internal/util/reflection/GenericMaster.java,17;19;20;21
Mockito,13,src/org/mockito/internal/MockHandler.java,77;80;82
Mockito,14,src/org/mockito/internal/MockHandler.java,19;75;76;77;78
Mockito,14,src/org/mockito/internal/MockitoCore.java,22;73
Mockito,15,src/org/mockito/internal/configuration/injection/FinalMockCandidateFilter.java,3;24;25
Mockito,16,src/org/mockito/internal/MockitoCore.java,32;33;34;35;42;43
Mockito,16,src/org/mockito/Mockito.java,827;899
Mockito,17,src/org/mockito/internal/creation/MockSettingsImpl.java,19;22;70;74
Mockito,17,src/org/mockito/internal/util/MockUtil.java,18;44;45
Mockito,18,src/org/mockito/internal/stubbing/defaultanswers/ReturnsEmptyValues.java,86;87
Mockito,19,src/org/mockito/internal/configuration/injection/filter/FinalMockCandidateFilter.java,12;23
Mockito,19,src/org/mockito/internal/configuration/injection/filter/MockCandidateFilter.java,8;15
Mockito,19,src/org/mockito/internal/configuration/injection/filter/NameBasedCandidateFilter.java,30;23;31;41;43
Mockito,19,src/org/mockito/internal/configuration/injection/filter/TypeBasedCandidateFilter.java,20;28
Mockito,19,src/org/mockito/internal/configuration/injection/PropertyAndSetterInjection.java,112;114
Mockito,2,src/org/mockito/internal/util/Timer.java,2;7;8;9;10;11;27
Mockito,20,src/org/mockito/internal/creation/bytebuddy/ByteBuddyMockMaker.java,31;34;35;45
Mockito,21,src/org/mockito/internal/creation/instance/ConstructorInstantiator.java,17;20;24;25;28;35
Mockito,22,src/org/mockito/internal/matchers/Equality.java,13;14
Mockito,23,src/org/mockito/internal/stubbing/defaultanswers/ReturnsDeepStubs.java,44;45;51;56;58;59;97;99;114;122;123
Mockito,24,src/org/mockito/internal/stubbing/defaultanswers/ReturnsEmptyValues.java,76
Mockito,25,src/org/mockito/internal/stubbing/defaultanswers/ReturnsDeepStubs.java,6;18;53;56;68;76;77;78;79;81;82;83
Mockito,26,src/org/mockito/internal/util/Primitives.java,66
Mockito,27,src/org/mockito/internal/util/MockUtil.java,64;65;66;67
Mockito,28,src/org/mockito/internal/configuration/DefaultInjectionEngine.java,93
Mockito,29,src/org/mockito/internal/matchers/Same.java,23;27;29
Mockito,3,src/org/mockito/internal/invocation/InvocationMatcher.java,127;128;130;142
Mockito,30,src/org/mockito/exceptions/Reporter.java,438;441
Mockito,30,src/org/mockito/internal/stubbing/defaultanswers/ReturnsSmartNulls.java,56
Mockito,31,src/org/mockito/internal/stubbing/defaultanswers/ReturnsSmartNulls.java,8;60;67
Mockito,32,src/org/mockito/internal/configuration/SpyAnnotationEngine.java,18;49;54
Mockito,33,src/org/mockito/internal/invocation/InvocationMatcher.java,95;96;97;99
Mockito,34,src/org/mockito/internal/invocation/InvocationMatcher.java,104;106
Mockito,35,src/org/mockito/Matchers.java,362;479;516
Mockito,36,src/org/mockito/internal/invocation/Invocation.java,10;201;202
Mockito,37,src/org/mockito/internal/stubbing/answers/AnswersValidator.java,24;27;28;29
Mockito,38,src/org/mockito/internal/verification/argumentmatching/ArgumentMatchingTool.java,48
Mockito,4,src/org/mockito/exceptions/Reporter.java,424;434;671;676
Mockito,5,src/org/mockito/internal/verification/VerificationOverTimeImpl.java,91
Mockito,6,src/org/mockito/Matchers.java,122;137;152;167;182;197;212;227;244;292;309;324;339;358;373;392;407;427;442;461
Mockito,7,src/org/mockito/internal/util/reflection/GenericMetadataSupport.java,376;377;378;380
Mockito,8,src/org/mockito/internal/util/reflection/GenericMetadataSupport.java,79;80;84;87
Mockito,9,src/org/mockito/internal/stubbing/answers/CallsRealMethods.java,7;8;35
Time,1,src/main/java/org/joda/time/field/UnsupportedDurationField.java,227;228;229
Time,1,src/main/java/org/joda/time/Partial.java,216;221
Time,10,src/main/java/org/joda/time/base/BaseSingleFieldPeriod.java,51;104
Time,11,src/main/java/org/joda/time/tz/ZoneInfoCompiler.java,68;69;70;71
Time,12,src/main/java/org/joda/time/LocalDate.java,210;211;242;243
Time,12,src/main/java/org/joda/time/LocalDateTime.java,198;201;235;236
Time,13,src/main/java/org/joda/time/format/PeriodFormatterBuilder.java,1098;1103;1132;1141;1142
Time,14,src/main/java/org/joda/time/chrono/BasicMonthOfYearDateTimeField.java,208;209
Time,15,src/main/java/org/joda/time/field/FieldUtils.java,137;138
Time,16,src/main/java/org/joda/time/format/DateTimeFormatter.java,708
Time,17,src/main/java/org/joda/time/DateTimeZone.java,1167;1168;1169;1174;1175;1177;1178;1179
Time,18,src/main/java/org/joda/time/chrono/GJChronology.java,363;364;365;366
Time,19,src/main/java/org/joda/time/DateTimeZone.java,900
Time,2,src/main/java/org/joda/time/field/UnsupportedDurationField.java,226
Time,2,src/main/java/org/joda/time/Partial.java,215;217;218;448
Time,20,src/main/java/org/joda/time/format/DateTimeFormatterBuilder.java,2537;2541;2544;2545;2546
Time,21,src/main/java/org/joda/time/tz/DefaultNameProvider.java,66;67;68;69;70;71;72;73;74;75;76;77;78;79;80;81
Time,22,src/main/java/org/joda/time/base/BasePeriod.java,222;223
Time,23,src/main/java/org/joda/time/DateTimeZone.java,563;572;575;577;578;581;583;586;588
Time,24,src/main/java/org/joda/time/format/DateTimeParserBucket.java,354
Time,25,src/main/java/org/joda/time/DateTimeZone.java,889;889;889;893;895;896
Time,26,src/main/java/org/joda/time/chrono/ZonedChronology.java,436;448;460;467;481;528;540
Time,26,src/main/java/org/joda/time/DateTimeZone.java,935
Time,26,src/main/java/org/joda/time/field/LenientDateTimeField.java,75
Time,27,src/main/java/org/joda/time/format/PeriodFormatterBuilder.java,800;803
Time,3,src/main/java/org/joda/time/MutableDateTime.java,638;639;659;660;680;681;701;702;722;723;763;764;784;785;815;816;846;847;879;880
Time,4,src/main/java/org/joda/time/Partial.java,464
Time,5,src/main/java/org/joda/time/Period.java,1628;1629;1630;1631;1633;1634
Time,6,src/main/java/org/joda/time/chrono/GJChronology.java,195;978;1000
Time,7,src/main/java/org/joda/time/format/DateTimeFormatter.java,707;710;712;714
Time,8,src/main/java/org/joda/time/DateTimeZone.java,279;281;286
Time,9,src/main/java/org/joda/time/DateTimeZone.java,95;256;262;264;266;281
